[debug] [2026-06-04T19:41:08.371Z] ----------------------------------------------------------------------
[debug] [2026-06-04T19:41:08.374Z] Command:       C:\Program Files\nodejs\node.exe C:\Users\Admin\AppData\Roaming\npm\node_modules\firebase-tools\lib\bin\firebase.js init
[debug] [2026-06-04T19:41:08.374Z] CLI Version:   15.19.1
[debug] [2026-06-04T19:41:08.374Z] Platform:      win32
[debug] [2026-06-04T19:41:08.375Z] Node Version:  v25.9.0
[debug] [2026-06-04T19:41:08.375Z] Time:          Thu Jun 04 2026 15:41:08 GMT-0400 (Eastern Daylight Time)
[debug] [2026-06-04T19:41:08.375Z] ----------------------------------------------------------------------
[debug] 
[info] 
     ######## #### ########  ######## ########     ###     ######  ########
     ##        ##  ##     ## ##       ##     ##  ##   ##  ##       ##
     ######    ##  ########  ######   ########  #########  ######  ######
     ##        ##  ##    ##  ##       ##     ## ##     ##       ## ##
     ##       #### ##     ## ######## ########  ##     ##  ######  ########

You're about to initialize a Firebase project in this directory:

  C:\Users\Admin\Desktop\site internet

[info] 
=== Project Setup
[info] 
[info] First, let's associate this project directory with a Firebase project.
[info] You can create multiple project aliases by running firebase use --add, 
[info] 
[debug] [2026-06-04T19:41:51.174Z] > command requires scopes: ["email","openid","https://www.googleapis.com/auth/cloudplatformprojects.readonly","https://www.googleapis.com/auth/firebase","https://www.googleapis.com/auth/cloud-platform"]
[debug] [2026-06-04T19:41:51.174Z] > authorizing via signed-in user (crimaud34@gmail.com)
[debug] [2026-06-04T19:41:51.176Z] Checked if tokens are valid: true, expires at: 1780605589132
[debug] [2026-06-04T19:41:51.176Z] Checked if tokens are valid: true, expires at: 1780605589132
[debug] [2026-06-04T19:41:51.177Z] >>> [apiv2][query] GET https://firebase.googleapis.com/v1beta1/projects pageSize=100
[debug] [2026-06-04T19:41:51.486Z] <<< [apiv2][status] GET https://firebase.googleapis.com/v1beta1/projects 200
[debug] [2026-06-04T19:41:51.486Z] <<< [apiv2][body] GET https://firebase.googleapis.com/v1beta1/projects [omitted]
[info] 
=== Dataconnect Setup
[info] i  dataconnect: ensuring required API firebasedataconnect.googleapis.com is enabled... 
[debug] [2026-06-04T19:41:55.258Z] Checked if tokens are valid: true, expires at: 1780605589132
[debug] [2026-06-04T19:41:55.258Z] Checked if tokens are valid: true, expires at: 1780605589132
[info] i  dataconnect: ensuring required API sqladmin.googleapis.com is enabled... 
[debug] [2026-06-04T19:41:55.259Z] Checked if tokens are valid: true, expires at: 1780605589132
[debug] [2026-06-04T19:41:55.259Z] Checked if tokens are valid: true, expires at: 1780605589132
[debug] [2026-06-04T19:41:55.259Z] >>> [apiv2][query] GET https://serviceusage.googleapis.com/v1/projects/cdb-studio/services/firebasedataconnect.googleapis.com [none]
[debug] [2026-06-04T19:41:55.259Z] >>> [apiv2][(partial)header] GET https://serviceusage.googleapis.com/v1/projects/cdb-studio/services/firebasedataconnect.googleapis.com  x-goog-user-project=cdb-studio
[debug] [2026-06-04T19:41:55.260Z] >>> [apiv2][query] GET https://serviceusage.googleapis.com/v1/projects/cdb-studio/services/sqladmin.googleapis.com [none]
[debug] [2026-06-04T19:41:55.260Z] >>> [apiv2][(partial)header] GET https://serviceusage.googleapis.com/v1/projects/cdb-studio/services/sqladmin.googleapis.com  x-goog-user-project=cdb-studio
[debug] [2026-06-04T19:41:55.624Z] <<< [apiv2][status] GET https://serviceusage.googleapis.com/v1/projects/cdb-studio/services/firebasedataconnect.googleapis.com 200
[debug] [2026-06-04T19:41:55.624Z] <<< [apiv2][body] GET https://serviceusage.googleapis.com/v1/projects/cdb-studio/services/firebasedataconnect.googleapis.com [omitted]
[warn] !  dataconnect: missing required API firebasedataconnect.googleapis.com. Enabling now... 
[debug] [2026-06-04T19:41:55.625Z] Checked if tokens are valid: true, expires at: 1780605589132
[debug] [2026-06-04T19:41:55.625Z] Checked if tokens are valid: true, expires at: 1780605589132
[debug] [2026-06-04T19:41:55.625Z] >>> [apiv2][query] POST https://serviceusage.googleapis.com/v1/projects/cdb-studio/services/firebasedataconnect.googleapis.com:enable [none]
[debug] [2026-06-04T19:41:55.625Z] >>> [apiv2][(partial)header] POST https://serviceusage.googleapis.com/v1/projects/cdb-studio/services/firebasedataconnect.googleapis.com:enable  x-goog-user-project=cdb-studio
[debug] [2026-06-04T19:41:55.634Z] <<< [apiv2][status] GET https://serviceusage.googleapis.com/v1/projects/cdb-studio/services/sqladmin.googleapis.com 200
[debug] [2026-06-04T19:41:55.634Z] <<< [apiv2][body] GET https://serviceusage.googleapis.com/v1/projects/cdb-studio/services/sqladmin.googleapis.com [omitted]
[warn] !  dataconnect: missing required API sqladmin.googleapis.com. Enabling now... 
[debug] [2026-06-04T19:41:55.634Z] Checked if tokens are valid: true, expires at: 1780605589132
[debug] [2026-06-04T19:41:55.635Z] Checked if tokens are valid: true, expires at: 1780605589132
[debug] [2026-06-04T19:41:55.635Z] >>> [apiv2][query] POST https://serviceusage.googleapis.com/v1/projects/cdb-studio/services/sqladmin.googleapis.com:enable [none]
[debug] [2026-06-04T19:41:55.635Z] >>> [apiv2][(partial)header] POST https://serviceusage.googleapis.com/v1/projects/cdb-studio/services/sqladmin.googleapis.com:enable  x-goog-user-project=cdb-studio
[debug] [2026-06-04T19:41:56.008Z] <<< [apiv2][status] POST https://serviceusage.googleapis.com/v1/projects/cdb-studio/services/firebasedataconnect.googleapis.com:enable 200
[debug] [2026-06-04T19:41:56.008Z] <<< [apiv2][body] POST https://serviceusage.googleapis.com/v1/projects/cdb-studio/services/firebasedataconnect.googleapis.com:enable [omitted]
[debug] [2026-06-04T19:41:56.028Z] <<< [apiv2][status] POST https://serviceusage.googleapis.com/v1/projects/cdb-studio/services/sqladmin.googleapis.com:enable 200
[debug] [2026-06-04T19:41:56.028Z] <<< [apiv2][body] POST https://serviceusage.googleapis.com/v1/projects/cdb-studio/services/sqladmin.googleapis.com:enable [omitted]
[debug] [2026-06-04T19:42:06.044Z] Checked if tokens are valid: true, expires at: 1780605589132
[debug] [2026-06-04T19:42:06.044Z] Checked if tokens are valid: true, expires at: 1780605589132
[debug] [2026-06-04T19:42:06.044Z] >>> [apiv2][query] GET https://firebasedataconnect.googleapis.com/v1/projects/cdb-studio/locations/-/services [none]
[debug] [2026-06-04T19:42:06.622Z] <<< [apiv2][status] GET https://firebasedataconnect.googleapis.com/v1/projects/cdb-studio/locations/-/services 200
[debug] [2026-06-04T19:42:06.622Z] <<< [apiv2][body] GET https://firebasedataconnect.googleapis.com/v1/projects/cdb-studio/locations/-/services {}
[debug] [2026-06-04T19:42:06.986Z] Checked if tokens are valid: true, expires at: 1780605589132
[debug] [2026-06-04T19:42:06.986Z] Checked if tokens are valid: true, expires at: 1780605589132
[debug] [2026-06-04T19:42:06.986Z] >>> [apiv2][query] GET https://cloudbilling.googleapis.com/v1/projects/cdb-studio/billingInfo [none]
[debug] [2026-06-04T19:42:07.149Z] <<< [apiv2][status] GET https://cloudbilling.googleapis.com/v1/projects/cdb-studio/billingInfo 200
[debug] [2026-06-04T19:42:07.149Z] <<< [apiv2][body] GET https://cloudbilling.googleapis.com/v1/projects/cdb-studio/billingInfo {"name":"projects/cdb-studio/billingInfo","projectId":"cdb-studio","billingAccountName":"billingAccounts/01A639-717EE9-1C6733","billingEnabled":true}
[debug] [2026-06-04T19:42:07.151Z] Checked if tokens are valid: true, expires at: 1780605589132
[debug] [2026-06-04T19:42:07.151Z] Checked if tokens are valid: true, expires at: 1780605589132
[debug] [2026-06-04T19:42:07.151Z] >>> [apiv2][query] GET https://monitoring.googleapis.com/v3/projects/cdb-studio/timeSeries/ filter=metric.type%3D%22serviceruntime.googleapis.com%2Fquota%2Fallocation%2Fusage%22+AND+metric.label.quota_metric+%3D+%22sqladmin.googleapis.com%2Ffdc_lifetime_free_trial_per_project%22&interval.endTime=2026-06-04T19%3A42%3A07.151Z&interval.startTime=2026-05-28T19%3A42%3A07.149Z
[debug] [2026-06-04T19:42:07.796Z] <<< [apiv2][status] GET https://monitoring.googleapis.com/v3/projects/cdb-studio/timeSeries/ 200
[debug] [2026-06-04T19:42:07.796Z] <<< [apiv2][body] GET https://monitoring.googleapis.com/v3/projects/cdb-studio/timeSeries/ {"unit":"1"}
[info] +  dataconnect: CloudSQL no cost trial available! 
[debug] [2026-06-04T19:42:07.797Z] Checked if tokens are valid: true, expires at: 1780605589132
[debug] [2026-06-04T19:42:07.797Z] Checked if tokens are valid: true, expires at: 1780605589132
[debug] [2026-06-04T19:42:07.797Z] >>> [apiv2][query] GET https://sqladmin.googleapis.com/v1/projects/cdb-studio/instances [none]
[debug] [2026-06-04T19:42:08.066Z] <<< [apiv2][status] GET https://sqladmin.googleapis.com/v1/projects/cdb-studio/instances 200
[debug] [2026-06-04T19:42:08.066Z] <<< [apiv2][body] GET https://sqladmin.googleapis.com/v1/projects/cdb-studio/instances {}
[debug] [2026-06-04T19:42:08.066Z] Checked if tokens are valid: true, expires at: 1780605589132
[debug] [2026-06-04T19:42:08.067Z] Checked if tokens are valid: true, expires at: 1780605589132
[debug] [2026-06-04T19:42:08.067Z] >>> [apiv2][query] GET https://firebasedataconnect.googleapis.com/v1/projects/cdb-studio/locations [none]
[debug] [2026-06-04T19:42:08.180Z] <<< [apiv2][status] GET https://firebasedataconnect.googleapis.com/v1/projects/cdb-studio/locations 200
[debug] [2026-06-04T19:42:08.180Z] <<< [apiv2][body] GET https://firebasedataconnect.googleapis.com/v1/projects/cdb-studio/locations {"locations":[{"name":"projects/cdb-studio/locations/asia-east1","locationId":"asia-east1","displayName":"Taiwan"},{"name":"projects/cdb-studio/locations/asia-east2","locationId":"asia-east2","displayName":"Hong Kong"},{"name":"projects/cdb-studio/locations/asia-northeast1","locationId":"asia-northeast1","displayName":"Tokyo"},{"name":"projects/cdb-studio/locations/asia-northeast2","locationId":"asia-northeast2","displayName":"Osaka"},{"name":"projects/cdb-studio/locations/asia-northeast3","locationId":"asia-northeast3","displayName":"Seoul"},{"name":"projects/cdb-studio/locations/asia-south1","locationId":"asia-south1","displayName":"Mumbai"},{"name":"projects/cdb-studio/locations/asia-southeast1","locationId":"asia-southeast1","displayName":"Singapore"},{"name":"projects/cdb-studio/locations/asia-southeast2","locationId":"asia-southeast2","displayName":"Jakarta"},{"name":"projects/cdb-studio/locations/australia-southeast1","locationId":"australia-southeast1","displayName":"Sydney"},{"name":"projects/cdb-studio/locations/australia-southeast2","locationId":"australia-southeast2","displayName":"Melbourne"},{"name":"projects/cdb-studio/locations/europe-central2","locationId":"europe-central2","displayName":"Warsaw"},{"name":"projects/cdb-studio/locations/europe-north1","locationId":"europe-north1","displayName":"Finland"},{"name":"projects/cdb-studio/locations/europe-southwest1","locationId":"europe-southwest1","displayName":"Madrid"},{"name":"projects/cdb-studio/locations/europe-west1","locationId":"europe-west1","displayName":"Belgium"},{"name":"projects/cdb-studio/locations/europe-west2","locationId":"europe-west2","displayName":"London"},{"name":"projects/cdb-studio/locations/europe-west3","locationId":"europe-west3","displayName":"Frankfurt"},{"name":"projects/cdb-studio/locations/europe-west4","locationId":"europe-west4","displayName":"Netherlands"},{"name":"projects/cdb-studio/locations/europe-west6","locationId":"europe-west6","displayName":"Zurich"},{"name":"projects/cdb-studio/locations/europe-west8","locationId":"europe-west8","displayName":"Milan"},{"name":"projects/cdb-studio/locations/europe-west9","locationId":"europe-west9","displayName":"Paris"},{"name":"projects/cdb-studio/locations/me-west1","locationId":"me-west1","displayName":"Tel Aviv"},{"name":"projects/cdb-studio/locations/northamerica-northeast1","locationId":"northamerica-northeast1","displayName":"Montréal"},{"name":"projects/cdb-studio/locations/northamerica-northeast2","locationId":"northamerica-northeast2","displayName":"Toronto"},{"name":"projects/cdb-studio/locations/southamerica-east1","locationId":"southamerica-east1","displayName":"São Paulo"},{"name":"projects/cdb-studio/locations/southamerica-west1","locationId":"southamerica-west1","displayName":"Santiago"},{"name":"projects/cdb-studio/locations/us-central1","locationId":"us-central1","displayName":"Iowa"},{"name":"projects/cdb-studio/locations/us-east1","locationId":"us-east1","displayName":"South Carolina"},{"name":"projects/cdb-studio/locations/us-east4","locationId":"us-east4","displayName":"Northern Virginia"},{"name":"projects/cdb-studio/locations/us-south1","locationId":"us-south1","displayName":"Dallas"},{"name":"projects/cdb-studio/locations/us-west1","locationId":"us-west1","displayName":"Oregon"},{"name":"projects/cdb-studio/locations/us-west2","locationId":"us-west2","displayName":"Los Angeles"},{"name":"projects/cdb-studio/locations/us-west3","locationId":"us-west3","displayName":"Salt Lake City"},{"name":"projects/cdb-studio/locations/us-west4","locationId":"us-west4","displayName":"Las Vegas"}]}
[info] +  dataconnect: Detected existing apps . (web) 
[debug] [2026-06-04T19:42:22.341Z] Checked if tokens are valid: true, expires at: 1780605589132
[debug] [2026-06-04T19:42:22.341Z] Checked if tokens are valid: true, expires at: 1780605589132
[debug] [2026-06-04T19:42:22.342Z] >>> [apiv2][query] GET https://sqladmin.googleapis.com/v1/projects/cdb-studio/instances/siteinternet-fdc [none]
[debug] [2026-06-04T19:42:22.502Z] <<< [apiv2][status] GET https://sqladmin.googleapis.com/v1/projects/cdb-studio/instances/siteinternet-fdc 404
[debug] [2026-06-04T19:42:22.502Z] <<< [apiv2][body] GET https://sqladmin.googleapis.com/v1/projects/cdb-studio/instances/siteinternet-fdc {"error":{"code":404,"message":"The Cloud SQL instance does not exist.","errors":[{"message":"The Cloud SQL instance does not exist.","domain":"global","reason":"instanceDoesNotExist"}]}}
[debug] [2026-06-04T19:42:22.503Z] Checked if tokens are valid: true, expires at: 1780605589132
[debug] [2026-06-04T19:42:22.503Z] Checked if tokens are valid: true, expires at: 1780605589132
[debug] [2026-06-04T19:42:22.503Z] >>> [apiv2][query] GET https://monitoring.googleapis.com/v3/projects/cdb-studio/timeSeries/ filter=metric.type%3D%22serviceruntime.googleapis.com%2Fquota%2Fallocation%2Fusage%22+AND+metric.label.quota_metric+%3D+%22sqladmin.googleapis.com%2Ffdc_lifetime_free_trial_per_project%22&interval.endTime=2026-06-04T19%3A42%3A22.503Z&interval.startTime=2026-05-28T19%3A42%3A22.503Z
[debug] [2026-06-04T19:42:23.021Z] <<< [apiv2][status] GET https://monitoring.googleapis.com/v3/projects/cdb-studio/timeSeries/ 200
[debug] [2026-06-04T19:42:23.021Z] <<< [apiv2][body] GET https://monitoring.googleapis.com/v3/projects/cdb-studio/timeSeries/ {"unit":"1"}
[debug] [2026-06-04T19:42:23.022Z] Checked if tokens are valid: true, expires at: 1780605589132
[debug] [2026-06-04T19:42:23.022Z] Checked if tokens are valid: true, expires at: 1780605589132
[debug] [2026-06-04T19:42:23.022Z] >>> [apiv2][query] POST https://sqladmin.googleapis.com/v1/projects/cdb-studio/instances [none]
[debug] [2026-06-04T19:42:23.022Z] >>> [apiv2][body] POST https://sqladmin.googleapis.com/v1/projects/cdb-studio/instances {"name":"siteinternet-fdc","region":"us-east4","databaseVersion":"POSTGRES_18","settings":{"tier":"db-f1-micro","edition":"ENTERPRISE","ipConfiguration":{"authorizedNetworks":[]},"enableGoogleMlIntegration":false,"databaseFlags":[{"name":"cloudsql.iam_authentication","value":"on"}],"storageAutoResize":false,"userLabels":{"firebase-data-connect":"ft"},"insightsConfig":{"queryInsightsEnabled":true,"queryPlansPerMinute":5,"queryStringLength":1024}}}
[debug] [2026-06-04T19:42:24.715Z] <<< [apiv2][status] POST https://sqladmin.googleapis.com/v1/projects/cdb-studio/instances 200
[debug] [2026-06-04T19:42:24.715Z] <<< [apiv2][body] POST https://sqladmin.googleapis.com/v1/projects/cdb-studio/instances {"kind":"sql#operation","targetLink":"https://sqladmin.googleapis.com/v1/projects/cdb-studio/instances/siteinternet-fdc","status":"PENDING","user":"crimaud34@gmail.com","insertTime":"2026-06-04T19:42:28.294Z","operationType":"CREATE","name":"b6292e93-173e-4d01-bd9e-76400000002c","targetId":"siteinternet-fdc","selfLink":"https://sqladmin.googleapis.com/v1/projects/cdb-studio/operations/b6292e93-173e-4d01-bd9e-76400000002c","targetProject":"cdb-studio"}
[debug] [2026-06-04T19:42:24.715Z] Checked if tokens are valid: true, expires at: 1780605589132
[debug] [2026-06-04T19:42:24.715Z] Checked if tokens are valid: true, expires at: 1780605589132
[debug] [2026-06-04T19:42:24.716Z] >>> [apiv2][query] GET https://cloudbilling.googleapis.com/v1/projects/cdb-studio/billingInfo [none]
[debug] [2026-06-04T19:42:24.874Z] <<< [apiv2][status] GET https://cloudbilling.googleapis.com/v1/projects/cdb-studio/billingInfo 200
[debug] [2026-06-04T19:42:24.874Z] <<< [apiv2][body] GET https://cloudbilling.googleapis.com/v1/projects/cdb-studio/billingInfo {"name":"projects/cdb-studio/billingInfo","projectId":"cdb-studio","billingAccountName":"billingAccounts/01A639-717EE9-1C6733","billingEnabled":true}
[info] i  dataconnect: Cloud SQL Instance siteinternet-fdc is being created.
This instance is provided under the terms of the SQL Connect no-cost trial https://firebase.google.com/pricing

   Meanwhile, your data are saved in a temporary database and will be migrated once complete. 
   Monitor its progress at

	https://console.cloud.google.com/sql/instances/siteinternet-fdc/overview?project=cdb-studio
 
[debug] [2026-06-04T19:42:24.877Z] Checked if tokens are valid: true, expires at: 1780605589132
[debug] [2026-06-04T19:42:24.878Z] Checked if tokens are valid: true, expires at: 1780605589132
[debug] [2026-06-04T19:42:24.878Z] >>> [apiv2][query] GET https://firebasedataconnect.googleapis.com/v1/projects/cdb-studio/locations/us-east4/services/siteinternet/schemas pageSize=100&pageToken=&fields=schemas.name%2Cschemas.datasources%2Cschemas.source
[debug] [2026-06-04T19:42:25.145Z] <<< [apiv2][status] GET https://firebasedataconnect.googleapis.com/v1/projects/cdb-studio/locations/us-east4/services/siteinternet/schemas 404
[debug] [2026-06-04T19:42:25.145Z] <<< [apiv2][body] GET https://firebasedataconnect.googleapis.com/v1/projects/cdb-studio/locations/us-east4/services/siteinternet/schemas {"error":{"code":404,"message":"Resource 'services/siteinternet' was not found","status":"NOT_FOUND","details":[{"@type":"type.googleapis.com/google.rpc.ResourceInfo","resourceName":"services/siteinternet"}]}}
[info] +  Wrote dataconnect\dataconnect.yaml 
[info] +  Wrote dataconnect\seed_data.gql 
[info] +  Wrote dataconnect\schema\schema.gql 
[info] +  Wrote dataconnect\example\connector.yaml 
[info] +  Wrote dataconnect\example\queries.gql 
[info] +  Wrote dataconnect\example\mutations.gql 
[info] +  Wrote dataconnect\example\connector.yaml 
[info] i  dataconnect: Installing the generated SDKs ... 
[info] i  dataconnect: downloading dataconnect-emulator-3.4.10.exe... {"metadata":{"emulator":{"name":"dataconnect"},"message":"downloading dataconnect-emulator-3.4.10.exe..."}}
[debug] [2026-06-04T19:42:25.188Z] >>> [apiv2][query] GET https://storage.googleapis.com/firemat-preview-drop/emulator/dataconnect-emulator-windows-amd64-v3.4.10 
[debug] [2026-06-04T19:42:25.416Z] <<< [apiv2][status] GET https://storage.googleapis.com/firemat-preview-drop/emulator/dataconnect-emulator-windows-amd64-v3.4.10 200
[debug] [2026-06-04T19:42:25.417Z] <<< [apiv2][body] GET https://storage.googleapis.com/firemat-preview-drop/emulator/dataconnect-emulator-windows-amd64-v3.4.10 [stream]
[debug] [2026-06-04T19:42:28.472Z] defaultcredentials: writing to file C:\Users\Admin\AppData\Roaming\firebase\crimaud34_gmail_com_application_default_credentials.json
[info] +  dataconnect: Installed generated SDKs for . (web) 
[info] 
=== Firestore Setup
[info] i  firestore: ensuring required API firestore.googleapis.com is enabled... 
[debug] [2026-06-04T19:42:49.864Z] Checked if tokens are valid: true, expires at: 1780605589132
[debug] [2026-06-04T19:42:49.864Z] Checked if tokens are valid: true, expires at: 1780605589132
[debug] [2026-06-04T19:42:49.864Z] >>> [apiv2][query] GET https://serviceusage.googleapis.com/v1/projects/cdb-studio/services/firestore.googleapis.com [none]
[debug] [2026-06-04T19:42:49.864Z] >>> [apiv2][(partial)header] GET https://serviceusage.googleapis.com/v1/projects/cdb-studio/services/firestore.googleapis.com  x-goog-user-project=cdb-studio
[debug] [2026-06-04T19:42:50.189Z] <<< [apiv2][status] GET https://serviceusage.googleapis.com/v1/projects/cdb-studio/services/firestore.googleapis.com 200
[debug] [2026-06-04T19:42:50.189Z] <<< [apiv2][body] GET https://serviceusage.googleapis.com/v1/projects/cdb-studio/services/firestore.googleapis.com [omitted]
[warn] !  firestore: missing required API firestore.googleapis.com. Enabling now... 
[debug] [2026-06-04T19:42:50.189Z] Checked if tokens are valid: true, expires at: 1780605589132
[debug] [2026-06-04T19:42:50.189Z] Checked if tokens are valid: true, expires at: 1780605589132
[debug] [2026-06-04T19:42:50.189Z] >>> [apiv2][query] POST https://serviceusage.googleapis.com/v1/projects/cdb-studio/services/firestore.googleapis.com:enable [none]
[debug] [2026-06-04T19:42:50.190Z] >>> [apiv2][(partial)header] POST https://serviceusage.googleapis.com/v1/projects/cdb-studio/services/firestore.googleapis.com:enable  x-goog-user-project=cdb-studio
[debug] [2026-06-04T19:42:50.521Z] <<< [apiv2][status] POST https://serviceusage.googleapis.com/v1/projects/cdb-studio/services/firestore.googleapis.com:enable 200
[debug] [2026-06-04T19:42:50.521Z] <<< [apiv2][body] POST https://serviceusage.googleapis.com/v1/projects/cdb-studio/services/firestore.googleapis.com:enable [omitted]
[debug] [2026-06-04T19:43:00.532Z] Checked if tokens are valid: true, expires at: 1780605589132
[debug] [2026-06-04T19:43:00.533Z] Checked if tokens are valid: true, expires at: 1780605589132
[debug] [2026-06-04T19:43:00.533Z] >>> [apiv2][query] GET https://firestore.googleapis.com/v1/projects/cdb-studio/databases [none]
[debug] [2026-06-04T19:43:00.999Z] <<< [apiv2][status] GET https://firestore.googleapis.com/v1/projects/cdb-studio/databases 200
[debug] [2026-06-04T19:43:00.999Z] <<< [apiv2][body] GET https://firestore.googleapis.com/v1/projects/cdb-studio/databases {}
[debug] [2026-06-04T19:43:00.999Z] Checked if tokens are valid: true, expires at: 1780605589132
[debug] [2026-06-04T19:43:00.999Z] Checked if tokens are valid: true, expires at: 1780605589132
[debug] [2026-06-04T19:43:00.999Z] >>> [apiv2][query] GET https://firestore.googleapis.com/v1/projects/cdb-studio/locations [none]
[debug] [2026-06-04T19:43:01.128Z] <<< [apiv2][status] GET https://firestore.googleapis.com/v1/projects/cdb-studio/locations 200
[debug] [2026-06-04T19:43:01.128Z] <<< [apiv2][body] GET https://firestore.googleapis.com/v1/projects/cdb-studio/locations {"locations":[{"name":"projects/cdb-studio/locations/eur3","labels":{"appengine.googleapis.com/geo":"europe-west","cloud.googleapis.com/location":"eur3","cloud.googleapis.com/geo":"eur3"},"metadata":{"@type":"type.googleapis.com/google.firestore.admin.v1.LocationMetadata"},"locationId":"eur3","displayName":"Europe"},{"name":"projects/cdb-studio/locations/nam5","labels":{"appengine.googleapis.com/geo":"us-central","cloud.googleapis.com/location":"nam5","cloud.googleapis.com/geo":"nam5"},"metadata":{"@type":"type.googleapis.com/google.firestore.admin.v1.LocationMetadata"},"locationId":"nam5","displayName":"United States"},{"name":"projects/cdb-studio/locations/nam7","labels":{"cloud.googleapis.com/location":"nam7","cloud.googleapis.com/geo":"nam7"},"metadata":{"@type":"type.googleapis.com/google.firestore.admin.v1.LocationMetadata"},"locationId":"nam7","displayName":"United States"},{"name":"projects/cdb-studio/locations/africa-south1","labels":{"cloud.googleapis.com/location":"africa-south1","cloud.googleapis.com/region":"africa-south1"},"metadata":{"@type":"type.googleapis.com/google.firestore.admin.v1.LocationMetadata"},"locationId":"africa-south1","displayName":"Johannesburg"},{"name":"projects/cdb-studio/locations/asia-east1","labels":{"appengine.googleapis.com/region":"asia-east1","cloud.googleapis.com/location":"asia-east1","cloud.googleapis.com/region":"asia-east1"},"metadata":{"@type":"type.googleapis.com/google.firestore.admin.v1.LocationMetadata"},"locationId":"asia-east1","displayName":"Taiwan"},{"name":"projects/cdb-studio/locations/asia-east2","labels":{"appengine.googleapis.com/region":"asia-east2","cloud.googleapis.com/location":"asia-east2","cloud.googleapis.com/region":"asia-east2"},"metadata":{"@type":"type.googleapis.com/google.firestore.admin.v1.LocationMetadata"},"locationId":"asia-east2","displayName":"Hong Kong"},{"name":"projects/cdb-studio/locations/asia-northeast1","labels":{"appengine.googleapis.com/region":"asia-northeast1","cloud.googleapis.com/location":"asia-northeast1","cloud.googleapis.com/region":"asia-northeast1"},"metadata":{"@type":"type.googleapis.com/google.firestore.admin.v1.LocationMetadata"},"locationId":"asia-northeast1","displayName":"Tokyo"},{"name":"projects/cdb-studio/locations/asia-northeast2","labels":{"appengine.googleapis.com/region":"asia-northeast2","cloud.googleapis.com/location":"asia-northeast2","cloud.googleapis.com/region":"asia-northeast2"},"metadata":{"@type":"type.googleapis.com/google.firestore.admin.v1.LocationMetadata"},"locationId":"asia-northeast2","displayName":"Osaka"},{"name":"projects/cdb-studio/locations/asia-northeast3","labels":{"appengine.googleapis.com/region":"asia-northeast3","cloud.googleapis.com/location":"asia-northeast3","cloud.googleapis.com/region":"asia-northeast3"},"metadata":{"@type":"type.googleapis.com/google.firestore.admin.v1.LocationMetadata"},"locationId":"asia-northeast3","displayName":"Seoul"},{"name":"projects/cdb-studio/locations/asia-south1","labels":{"appengine.googleapis.com/region":"asia-south1","cloud.googleapis.com/location":"asia-south1","cloud.googleapis.com/region":"asia-south1"},"metadata":{"@type":"type.googleapis.com/google.firestore.admin.v1.LocationMetadata"},"locationId":"asia-south1","displayName":"Mumbai"},{"name":"projects/cdb-studio/locations/asia-south2","labels":{"cloud.googleapis.com/location":"asia-south2","cloud.googleapis.com/region":"asia-south2"},"metadata":{"@type":"type.googleapis.com/google.firestore.admin.v1.LocationMetadata"},"locationId":"asia-south2","displayName":"Delhi"},{"name":"projects/cdb-studio/locations/asia-southeast1","labels":{"appengine.googleapis.com/region":"asia-southeast1","cloud.googleapis.com/location":"asia-southeast1","cloud.googleapis.com/region":"asia-southeast1"},"metadata":{"@type":"type.googleapis.com/google.firestore.admin.v1.LocationMetadata"},"locationId":"asia-southeast1","displayName":"Singapore"},{"name":"projects/cdb-studio/locations/asia-southeast2","labels":{"appengine.googleapis.com/region":"asia-southeast2","cloud.googleapis.com/location":"asia-southeast2","cloud.googleapis.com/region":"asia-southeast2"},"metadata":{"@type":"type.googleapis.com/google.firestore.admin.v1.LocationMetadata"},"locationId":"asia-southeast2","displayName":"Jakarta"},{"name":"projects/cdb-studio/locations/asia-southeast3","labels":{"cloud.googleapis.com/location":"asia-southeast3","cloud.googleapis.com/region":"asia-southeast3"},"metadata":{"@type":"type.googleapis.com/google.firestore.admin.v1.LocationMetadata"},"locationId":"asia-southeast3","displayName":"Bangkok"},{"name":"projects/cdb-studio/locations/australia-southeast1","labels":{"appengine.googleapis.com/region":"australia-southeast1","cloud.googleapis.com/location":"australia-southeast1","cloud.googleapis.com/region":"australia-southeast1"},"metadata":{"@type":"type.googleapis.com/google.firestore.admin.v1.LocationMetadata"},"locationId":"australia-southeast1","displayName":"Sydney"},{"name":"projects/cdb-studio/locations/australia-southeast2","labels":{"cloud.googleapis.com/location":"australia-southeast2","cloud.googleapis.com/region":"australia-southeast2"},"metadata":{"@type":"type.googleapis.com/google.firestore.admin.v1.LocationMetadata"},"locationId":"australia-southeast2","displayName":"Melbourne"},{"name":"projects/cdb-studio/locations/europe-central2","labels":{"appengine.googleapis.com/region":"europe-central2","cloud.googleapis.com/location":"europe-central2","cloud.googleapis.com/region":"europe-central2"},"metadata":{"@type":"type.googleapis.com/google.firestore.admin.v1.LocationMetadata"},"locationId":"europe-central2","displayName":"Warsaw"},{"name":"projects/cdb-studio/locations/europe-north1","labels":{"cloud.googleapis.com/location":"europe-north1","cloud.googleapis.com/region":"europe-north1"},"metadata":{"@type":"type.googleapis.com/google.firestore.admin.v1.LocationMetadata"},"locationId":"europe-north1","displayName":"Finland"},{"name":"projects/cdb-studio/locations/europe-north2","labels":{"cloud.googleapis.com/location":"europe-north2","cloud.googleapis.com/region":"europe-north2"},"metadata":{"@type":"type.googleapis.com/google.firestore.admin.v1.LocationMetadata"},"locationId":"europe-north2","displayName":"Stockholm"},{"name":"projects/cdb-studio/locations/europe-southwest1","labels":{"cloud.googleapis.com/location":"europe-southwest1","cloud.googleapis.com/region":"europe-southwest1"},"metadata":{"@type":"type.googleapis.com/google.firestore.admin.v1.LocationMetadata"},"locationId":"europe-southwest1","displayName":"Madrid"},{"name":"projects/cdb-studio/locations/europe-west1","labels":{"cloud.googleapis.com/location":"europe-west1","cloud.googleapis.com/region":"europe-west1"},"metadata":{"@type":"type.googleapis.com/google.firestore.admin.v1.LocationMetadata"},"locationId":"europe-west1","displayName":"Belgium"},{"name":"projects/cdb-studio/locations/europe-west10","labels":{"cloud.googleapis.com/location":"europe-west10","cloud.googleapis.com/region":"europe-west10"},"metadata":{"@type":"type.googleapis.com/google.firestore.admin.v1.LocationMetadata"},"locationId":"europe-west10","displayName":"Berlin"},{"name":"projects/cdb-studio/locations/europe-west12","labels":{"cloud.googleapis.com/location":"europe-west12","cloud.googleapis.com/region":"europe-west12"},"metadata":{"@type":"type.googleapis.com/google.firestore.admin.v1.LocationMetadata"},"locationId":"europe-west12","displayName":"Turin"},{"name":"projects/cdb-studio/locations/europe-west2","labels":{"appengine.googleapis.com/region":"europe-west2","cloud.googleapis.com/location":"europe-west2","cloud.googleapis.com/region":"europe-west2"},"metadata":{"@type":"type.googleapis.com/google.firestore.admin.v1.LocationMetadata"},"locationId":"europe-west2","displayName":"London"},{"name":"projects/cdb-studio/locations/europe-west3","labels":{"appengine.googleapis.com/region":"europe-west3","cloud.googleapis.com/location":"europe-west3","cloud.googleapis.com/region":"europe-west3"},"metadata":{"@type":"type.googleapis.com/google.firestore.admin.v1.LocationMetadata"},"locationId":"europe-west3","displayName":"Frankfurt"},{"name":"projects/cdb-studio/locations/europe-west4","labels":{"cloud.googleapis.com/location":"europe-west4","cloud.googleapis.com/region":"europe-west4"},"metadata":{"@type":"type.googleapis.com/google.firestore.admin.v1.LocationMetadata"},"locationId":"europe-west4","displayName":"Netherlands"},{"name":"projects/cdb-studio/locations/europe-west6","labels":{"appengine.googleapis.com/region":"europe-west6","cloud.googleapis.com/location":"europe-west6","cloud.googleapis.com/region":"europe-west6"},"metadata":{"@type":"type.googleapis.com/google.firestore.admin.v1.LocationMetadata"},"locationId":"europe-west6","displayName":"Zurich"},{"name":"projects/cdb-studio/locations/europe-west8","labels":{"cloud.googleapis.com/location":"europe-west8","cloud.googleapis.com/region":"europe-west8"},"metadata":{"@type":"type.googleapis.com/google.firestore.admin.v1.LocationMetadata"},"locationId":"europe-west8","displayName":"Milan"},{"name":"projects/cdb-studio/locations/europe-west9","labels":{"cloud.googleapis.com/location":"europe-west9","cloud.googleapis.com/region":"europe-west9"},"metadata":{"@type":"type.googleapis.com/google.firestore.admin.v1.LocationMetadata"},"locationId":"europe-west9","displayName":"Paris"},{"name":"projects/cdb-studio/locations/me-central1","labels":{"cloud.googleapis.com/location":"me-central1","cloud.googleapis.com/region":"me-central1"},"metadata":{"@type":"type.googleapis.com/google.firestore.admin.v1.LocationMetadata"},"locationId":"me-central1","displayName":"Doha"},{"name":"projects/cdb-studio/locations/me-central2","labels":{"cloud.googleapis.com/location":"me-central2","cloud.googleapis.com/region":"me-central2"},"metadata":{"@type":"type.googleapis.com/google.firestore.admin.v1.LocationMetadata"},"locationId":"me-central2","displayName":"Dammam"},{"name":"projects/cdb-studio/locations/me-west1","labels":{"cloud.googleapis.com/location":"me-west1","cloud.googleapis.com/region":"me-west1"},"metadata":{"@type":"type.googleapis.com/google.firestore.admin.v1.LocationMetadata"},"locationId":"me-west1","displayName":"Tel Aviv"},{"name":"projects/cdb-studio/locations/northamerica-northeast1","labels":{"appengine.googleapis.com/region":"northamerica-northeast1","cloud.googleapis.com/location":"northamerica-northeast1","cloud.googleapis.com/region":"northamerica-northeast1"},"metadata":{"@type":"type.googleapis.com/google.firestore.admin.v1.LocationMetadata"},"locationId":"northamerica-northeast1","displayName":"Montréal"},{"name":"projects/cdb-studio/locations/northamerica-northeast2","labels":{"cloud.googleapis.com/location":"northamerica-northeast2","cloud.googleapis.com/region":"northamerica-northeast2"},"metadata":{"@type":"type.googleapis.com/google.firestore.admin.v1.LocationMetadata"},"locationId":"northamerica-northeast2","displayName":"Toronto"},{"name":"projects/cdb-studio/locations/northamerica-south1","labels":{"cloud.googleapis.com/location":"northamerica-south1","cloud.googleapis.com/region":"northamerica-south1"},"metadata":{"@type":"type.googleapis.com/google.firestore.admin.v1.LocationMetadata"},"locationId":"northamerica-south1","displayName":"Mexico"},{"name":"projects/cdb-studio/locations/southamerica-east1","labels":{"appengine.googleapis.com/region":"southamerica-east1","cloud.googleapis.com/location":"southamerica-east1","cloud.googleapis.com/region":"southamerica-east1"},"metadata":{"@type":"type.googleapis.com/google.firestore.admin.v1.LocationMetadata"},"locationId":"southamerica-east1","displayName":"São Paulo"},{"name":"projects/cdb-studio/locations/southamerica-west1","labels":{"cloud.googleapis.com/location":"southamerica-west1","cloud.googleapis.com/region":"southamerica-west1"},"metadata":{"@type":"type.googleapis.com/google.firestore.admin.v1.LocationMetadata"},"locationId":"southamerica-west1","displayName":"Santiago"},{"name":"projects/cdb-studio/locations/us-central1","labels":{"cloud.googleapis.com/location":"us-central1","cloud.googleapis.com/region":"us-central1"},"metadata":{"@type":"type.googleapis.com/google.firestore.admin.v1.LocationMetadata"},"locationId":"us-central1","displayName":"Iowa"},{"name":"projects/cdb-studio/locations/us-east1","labels":{"appengine.googleapis.com/region":"us-east1","cloud.googleapis.com/location":"us-east1","cloud.googleapis.com/region":"us-east1"},"metadata":{"@type":"type.googleapis.com/google.firestore.admin.v1.LocationMetadata"},"locationId":"us-east1","displayName":"South Carolina"},{"name":"projects/cdb-studio/locations/us-east4","labels":{"appengine.googleapis.com/region":"us-east4","cloud.googleapis.com/location":"us-east4","cloud.googleapis.com/region":"us-east4"},"metadata":{"@type":"type.googleapis.com/google.firestore.admin.v1.LocationMetadata"},"locationId":"us-east4","displayName":"Northern Virginia"},{"name":"projects/cdb-studio/locations/us-east5","labels":{"cloud.googleapis.com/location":"us-east5","cloud.googleapis.com/region":"us-east5"},"metadata":{"@type":"type.googleapis.com/google.firestore.admin.v1.LocationMetadata"},"locationId":"us-east5","displayName":"Columbus"},{"name":"projects/cdb-studio/locations/us-south1","labels":{"cloud.googleapis.com/location":"us-south1","cloud.googleapis.com/region":"us-south1"},"metadata":{"@type":"type.googleapis.com/google.firestore.admin.v1.LocationMetadata"},"locationId":"us-south1","displayName":"Dallas"},{"name":"projects/cdb-studio/locations/us-west1","labels":{"appengine.googleapis.com/region":"us-west1","cloud.googleapis.com/location":"us-west1","cloud.googleapis.com/region":"us-west1"},"metadata":{"@type":"type.googleapis.com/google.firestore.admin.v1.LocationMetadata"},"locationId":"us-west1","displayName":"Oregon"},{"name":"projects/cdb-studio/locations/us-west2","labels":{"appengine.googleapis.com/region":"us-west2","cloud.googleapis.com/location":"us-west2","cloud.googleapis.com/region":"us-west2"},"metadata":{"@type":"type.googleapis.com/google.firestore.admin.v1.LocationMetadata"},"locationId":"us-west2","displayName":"Los Angeles"},{"name":"projects/cdb-studio/locations/us-west3","labels":{"appengine.googleapis.com/region":"us-west3","cloud.googleapis.com/location":"us-west3","cloud.googleapis.com/region":"us-west3"},"metadata":{"@type":"type.googleapis.com/google.firestore.admin.v1.LocationMetadata"},"locationId":"us-west3","displayName":"Salt Lake City"},{"name":"projects/cdb-studio/locations/us-west4","labels":{"appengine.googleapis.com/region":"us-west4","cloud.googleapis.com/location":"us-west4","cloud.googleapis.com/region":"us-west4"},"metadata":{"@type":"type.googleapis.com/google.firestore.admin.v1.LocationMetadata"},"locationId":"us-west4","displayName":"Las Vegas"}]}
[info] 
[info] Firestore Security Rules allow you to define how and when to allow
[info] requests. You can keep these rules in your project directory
[info] and publish them with firebase deploy.
[info] 
[debug] [2026-06-04T19:43:49.512Z] Checked if tokens are valid: true, expires at: 1780605589132
[debug] [2026-06-04T19:43:49.513Z] Checked if tokens are valid: true, expires at: 1780605589132
[debug] [2026-06-04T19:43:49.513Z] >>> [apiv2][query] GET https://firebaserules.googleapis.com/v1/projects/cdb-studio/releases pageSize=10&pageToken=
[debug] [2026-06-04T19:43:49.747Z] <<< [apiv2][status] GET https://firebaserules.googleapis.com/v1/projects/cdb-studio/releases 200
[debug] [2026-06-04T19:43:49.747Z] <<< [apiv2][body] GET https://firebaserules.googleapis.com/v1/projects/cdb-studio/releases {}
[info] 
[info] Firestore indexes allow you to perform complex queries while
[info] maintaining performance that scales with the size of the result
[info] set. You can keep index definitions in your project directory
[info] and publish them with firebase deploy.
[info] 
[debug] [2026-06-04T19:43:57.090Z] Checked if tokens are valid: true, expires at: 1780605589132
[debug] [2026-06-04T19:43:57.090Z] Checked if tokens are valid: true, expires at: 1780605589132
[debug] [2026-06-04T19:43:57.090Z] Checked if tokens are valid: true, expires at: 1780605589132
[debug] [2026-06-04T19:43:57.090Z] Checked if tokens are valid: true, expires at: 1780605589132
[debug] [2026-06-04T19:43:57.090Z] >>> [apiv2][query] GET https://firestore.googleapis.com/v1/projects/cdb-studio/databases/(default)/collectionGroups/-/indexes [none]
[debug] [2026-06-04T19:43:57.091Z] >>> [apiv2][query] GET https://firestore.googleapis.com/v1/projects/cdb-studio/databases/(default)/collectionGroups/-/fields?filter=indexConfig.usesAncestorConfig=false OR ttlConfig:* [none]
[debug] [2026-06-04T19:43:57.317Z] <<< [apiv2][status] GET https://firestore.googleapis.com/v1/projects/cdb-studio/databases/(default)/collectionGroups/-/fields?filter=indexConfig.usesAncestorConfig=false OR ttlConfig:* 404
[debug] [2026-06-04T19:43:57.318Z] <<< [apiv2][body] GET https://firestore.googleapis.com/v1/projects/cdb-studio/databases/(default)/collectionGroups/-/fields?filter=indexConfig.usesAncestorConfig=false OR ttlConfig:* {"error":{"code":404,"message":"Project 'cdb-studio' or database '(default)' does not exist.","status":"NOT_FOUND"}}
[info] +  Wrote firestore.rules 
[info] +  Wrote firestore.indexes.json 
[info] 
=== Genkit Setup
[debug] [2026-06-04T19:43:57.344Z] <<< [apiv2][status] GET https://firestore.googleapis.com/v1/projects/cdb-studio/databases/(default)/collectionGroups/-/indexes 404
[debug] [2026-06-04T19:43:57.344Z] <<< [apiv2][body] GET https://firestore.googleapis.com/v1/projects/cdb-studio/databases/(default)/collectionGroups/-/indexes {"error":{"code":404,"message":"Project 'cdb-studio' or database '(default)' does not exist.","status":"NOT_FOUND"}}
[debug] [2026-06-04T19:44:04.642Z] > command requires scopes: ["email","openid","https://www.googleapis.com/auth/cloudplatformprojects.readonly","https://www.googleapis.com/auth/firebase","https://www.googleapis.com/auth/cloud-platform"]
[debug] [2026-06-04T19:44:04.642Z] > authorizing via signed-in user (crimaud34@gmail.com)
[debug] [2026-06-04T19:44:04.642Z] [iam] checking project cdb-studio for permissions ["firebase.projects.get"]
[debug] [2026-06-04T19:44:04.643Z] Checked if tokens are valid: true, expires at: 1780605589132
[debug] [2026-06-04T19:44:04.643Z] Checked if tokens are valid: true, expires at: 1780605589132
[debug] [2026-06-04T19:44:04.643Z] >>> [apiv2][query] POST https://cloudresourcemanager.googleapis.com/v1/projects/cdb-studio:testIamPermissions [none]
[debug] [2026-06-04T19:44:04.643Z] >>> [apiv2][(partial)header] POST https://cloudresourcemanager.googleapis.com/v1/projects/cdb-studio:testIamPermissions  x-goog-user-project=cdb-studio
[debug] [2026-06-04T19:44:04.643Z] >>> [apiv2][body] POST https://cloudresourcemanager.googleapis.com/v1/projects/cdb-studio:testIamPermissions {"permissions":["firebase.projects.get"]}
[debug] [2026-06-04T19:44:04.790Z] <<< [apiv2][status] POST https://cloudresourcemanager.googleapis.com/v1/projects/cdb-studio:testIamPermissions 200
[debug] [2026-06-04T19:44:04.790Z] <<< [apiv2][body] POST https://cloudresourcemanager.googleapis.com/v1/projects/cdb-studio:testIamPermissions {"permissions":["firebase.projects.get"]}
[debug] [2026-06-04T19:44:04.791Z] Checked if tokens are valid: true, expires at: 1780605589132
[debug] [2026-06-04T19:44:04.791Z] Checked if tokens are valid: true, expires at: 1780605589132
[debug] [2026-06-04T19:44:04.791Z] Checked if tokens are valid: true, expires at: 1780605589132
[debug] [2026-06-04T19:44:04.791Z] Checked if tokens are valid: true, expires at: 1780605589132
[debug] [2026-06-04T19:44:04.791Z] >>> [apiv2][query] GET https://serviceusage.googleapis.com/v1/projects/cdb-studio/services/cloudfunctions.googleapis.com [none]
[debug] [2026-06-04T19:44:04.791Z] >>> [apiv2][(partial)header] GET https://serviceusage.googleapis.com/v1/projects/cdb-studio/services/cloudfunctions.googleapis.com  x-goog-user-project=cdb-studio
[debug] [2026-06-04T19:44:04.792Z] >>> [apiv2][query] GET https://serviceusage.googleapis.com/v1/projects/cdb-studio/services/runtimeconfig.googleapis.com [none]
[debug] [2026-06-04T19:44:04.792Z] >>> [apiv2][(partial)header] GET https://serviceusage.googleapis.com/v1/projects/cdb-studio/services/runtimeconfig.googleapis.com  x-goog-user-project=cdb-studio
[debug] [2026-06-04T19:44:05.098Z] <<< [apiv2][status] GET https://serviceusage.googleapis.com/v1/projects/cdb-studio/services/runtimeconfig.googleapis.com 200
[debug] [2026-06-04T19:44:05.098Z] <<< [apiv2][body] GET https://serviceusage.googleapis.com/v1/projects/cdb-studio/services/runtimeconfig.googleapis.com [omitted]
[debug] [2026-06-04T19:44:05.105Z] <<< [apiv2][status] GET https://serviceusage.googleapis.com/v1/projects/cdb-studio/services/cloudfunctions.googleapis.com 200
[debug] [2026-06-04T19:44:05.105Z] <<< [apiv2][body] GET https://serviceusage.googleapis.com/v1/projects/cdb-studio/services/cloudfunctions.googleapis.com [omitted]
[debug] [2026-06-04T19:44:05.105Z] Checked if tokens are valid: true, expires at: 1780605589132
[debug] [2026-06-04T19:44:05.105Z] Checked if tokens are valid: true, expires at: 1780605589132
[debug] [2026-06-04T19:44:05.105Z] >>> [apiv2][query] POST https://serviceusage.googleapis.com/v1/projects/cdb-studio/services/cloudfunctions.googleapis.com:enable [none]
[debug] [2026-06-04T19:44:05.105Z] >>> [apiv2][(partial)header] POST https://serviceusage.googleapis.com/v1/projects/cdb-studio/services/cloudfunctions.googleapis.com:enable  x-goog-user-project=cdb-studio
[debug] [2026-06-04T19:44:05.519Z] <<< [apiv2][status] POST https://serviceusage.googleapis.com/v1/projects/cdb-studio/services/cloudfunctions.googleapis.com:enable 200
[debug] [2026-06-04T19:44:05.520Z] <<< [apiv2][body] POST https://serviceusage.googleapis.com/v1/projects/cdb-studio/services/cloudfunctions.googleapis.com:enable [omitted]
[info] Let's create a new codebase for your functions.
[info] A directory corresponding to the codebase will be created in your project
[info] with sample code pre-configured.

[info] See https://firebase.google.com/docs/functions/organize-functions for
[info] more information on organizing your functions using codebases.

[info] Functions can be deployed with firebase deploy.

[info] +  Wrote functions/.eslintrc.js 
[info] +  Wrote functions/tsconfig.dev.json 
[info] +  Wrote functions/package.json 
[info] +  Wrote functions/tsconfig.json 
[info] +  Wrote functions/src/index.ts 
[info] +  Wrote functions/.gitignore 
[info] 
[info] i  genkit: Installing Genkit CLI version 1.36.0
 
[info] i  genkit: Installing NPM packages for genkit 
[info] +  genkit: Successfully installed NPM packages 
[info] i  genkit: Updating tsconfig.json 
[info] +  genkit: Successfully updated tsconfig.json 
[info] i  genkit: Updating package.json 
[info] +  genkit: Successfully updated package.json 
[info] Telemetry data can be used to monitor and gain insights into your AI features. There may be a cost associated with using this feature. See https://firebase.google.com/docs/genkit/observability/telemetry-collection.
[info] i  genkit: Generating sample file 
[info] +  genkit: Successfully generated sample file (src/genkit-sample.ts) 
[info] 
[info] 
Login to Google Cloud using:
[info]     gcloud auth application-default login --project cdb-studio

[info] Then start the Genkit developer experience by running:
[info]     cd functions && npm run genkit:start
[info] 
=== Functions Setup
[debug] [2026-06-04T20:09:12.136Z] > command requires scopes: ["email","openid","https://www.googleapis.com/auth/cloudplatformprojects.readonly","https://www.googleapis.com/auth/firebase","https://www.googleapis.com/auth/cloud-platform"]
[debug] [2026-06-04T20:09:12.136Z] > authorizing via signed-in user (crimaud34@gmail.com)
[debug] [2026-06-04T20:09:12.136Z] [iam] checking project cdb-studio for permissions ["firebase.projects.get"]
[debug] [2026-06-04T20:09:12.136Z] Checked if tokens are valid: true, expires at: 1780605589132
[debug] [2026-06-04T20:09:12.136Z] Checked if tokens are valid: true, expires at: 1780605589132
[debug] [2026-06-04T20:09:12.136Z] >>> [apiv2][query] POST https://cloudresourcemanager.googleapis.com/v1/projects/cdb-studio:testIamPermissions [none]
[debug] [2026-06-04T20:09:12.136Z] >>> [apiv2][(partial)header] POST https://cloudresourcemanager.googleapis.com/v1/projects/cdb-studio:testIamPermissions  x-goog-user-project=cdb-studio
[debug] [2026-06-04T20:09:12.136Z] >>> [apiv2][body] POST https://cloudresourcemanager.googleapis.com/v1/projects/cdb-studio:testIamPermissions {"permissions":["firebase.projects.get"]}
[debug] [2026-06-04T20:09:12.284Z] <<< [apiv2][status] POST https://cloudresourcemanager.googleapis.com/v1/projects/cdb-studio:testIamPermissions 200
[debug] [2026-06-04T20:09:12.284Z] <<< [apiv2][body] POST https://cloudresourcemanager.googleapis.com/v1/projects/cdb-studio:testIamPermissions {"permissions":["firebase.projects.get"]}
[info] 
Detected existing codebase(s): default

[info] Let's create a new codebase for your functions.
[info] A directory corresponding to the codebase will be created in your project
[info] with sample code pre-configured.

[info] See https://firebase.google.com/docs/functions/organize-functions for
[info] more information on organizing your functions using codebases.

[info] Functions can be deployed with firebase deploy.

[error] Invalid codebase name. Codebase must be less than 64 characters and can contain only lowercase letters, numeric characters, underscores, and dashes.
[info] +  Wrote cdb/requirements.txt 
[info] +  Wrote cdb/.gitignore 
[info] +  Wrote cdb/main.py 
[debug] [2026-06-04T20:09:47.585Z] Running command with virtualenv: command="C:\Users\Admin\Desktop\site internet\cdb\venv\Scripts\activate.bat", args=["","&&","pip3","install","--upgrade","pip"]
[debug] [2026-06-04T20:09:50.831Z] Error: spawn "C:\Users\Admin\Desktop\site internet\cdb\venv\Scripts\activate.bat" ENOENT
    at notFoundError (C:\Users\Admin\AppData\Roaming\npm\node_modules\firebase-tools\node_modules\cross-spawn\lib\enoent.js:6:26)
    at verifyENOENT (C:\Users\Admin\AppData\Roaming\npm\node_modules\firebase-tools\node_modules\cross-spawn\lib\enoent.js:40:16)
    at cp.emit (C:\Users\Admin\AppData\Roaming\npm\node_modules\firebase-tools\node_modules\cross-spawn\lib\enoent.js:27:25)
    at ChildProcess._handle.onexit (node:internal/child_process:294:12)
[error] 
[error] Error: An unexpected error has occurred.
[debug] [2026-06-04T20:09:55.102Z] ----------------------------------------------------------------------
[debug] [2026-06-04T20:09:55.106Z] Command:       C:\Program Files\nodejs\node.exe C:\Users\Admin\AppData\Roaming\npm\node_modules\firebase-tools\lib\bin\firebase.js init
[debug] [2026-06-04T20:09:55.106Z] CLI Version:   15.19.1
[debug] [2026-06-04T20:09:55.106Z] Platform:      win32
[debug] [2026-06-04T20:09:55.106Z] Node Version:  v25.9.0
[debug] [2026-06-04T20:09:55.106Z] Time:          Thu Jun 04 2026 16:09:55 GMT-0400 (Eastern Daylight Time)
[debug] [2026-06-04T20:09:55.106Z] ----------------------------------------------------------------------
[debug] 
[info] 
     ######## #### ########  ######## ########     ###     ######  ########
     ##        ##  ##     ## ##       ##     ##  ##   ##  ##       ##
     ######    ##  ########  ######   ########  #########  ######  ######
     ##        ##  ##    ##  ##       ##     ## ##     ##       ## ##
     ##       #### ##     ## ######## ########  ##     ##  ######  ########

You're about to initialize a Firebase project in this directory:

  C:\Users\Admin\Desktop\site internet

[info] 
=== Project Setup
[info] 
[info] First, let's associate this project directory with a Firebase project.
[info] You can create multiple project aliases by running firebase use --add, 
[info] 
[debug] [2026-06-04T20:10:00.687Z] > command requires scopes: ["email","openid","https://www.googleapis.com/auth/cloudplatformprojects.readonly","https://www.googleapis.com/auth/firebase","https://www.googleapis.com/auth/cloud-platform"]
[debug] [2026-06-04T20:10:00.687Z] > authorizing via signed-in user (crimaud34@gmail.com)
[debug] [2026-06-04T20:10:00.689Z] Checked if tokens are valid: true, expires at: 1780605589132
[debug] [2026-06-04T20:10:00.689Z] Checked if tokens are valid: true, expires at: 1780605589132
[debug] [2026-06-04T20:10:00.690Z] >>> [apiv2][query] GET https://firebase.googleapis.com/v1beta1/projects/cdb-studio [none]
[debug] [2026-06-04T20:10:00.976Z] <<< [apiv2][status] GET https://firebase.googleapis.com/v1beta1/projects/cdb-studio 200
[debug] [2026-06-04T20:10:00.977Z] <<< [apiv2][body] GET https://firebase.googleapis.com/v1beta1/projects/cdb-studio {"projectId":"cdb-studio","projectNumber":"629699185190","displayName":"CDB Studio","name":"projects/cdb-studio","resources":{"hostingSite":"cdb-studio"},"state":"ACTIVE","etag":"1_936ba22e-ba54-47be-8f98-7839b2a04d8b"}
[info] i  Using project cdb-studio (CDB Studio) . 
[info] 
=== Dataconnect Setup
[info] i  dataconnect: ensuring required API firebasedataconnect.googleapis.com is enabled... 
[info] i  dataconnect: ensuring required API sqladmin.googleapis.com is enabled... 
[debug] [2026-06-04T20:10:00.989Z] Checked if tokens are valid: true, expires at: 1780605589132
[debug] [2026-06-04T20:10:00.989Z] Checked if tokens are valid: true, expires at: 1780605589132
[debug] [2026-06-04T20:10:00.989Z] >>> [apiv2][query] GET https://firebasedataconnect.googleapis.com/v1/projects/cdb-studio/locations/-/services [none]
[debug] [2026-06-04T20:10:01.563Z] <<< [apiv2][status] GET https://firebasedataconnect.googleapis.com/v1/projects/cdb-studio/locations/-/services 200
[debug] [2026-06-04T20:10:01.563Z] <<< [apiv2][body] GET https://firebasedataconnect.googleapis.com/v1/projects/cdb-studio/locations/-/services {}
[debug] [2026-06-04T20:10:19.709Z] Checked if tokens are valid: true, expires at: 1780605589132
[debug] [2026-06-04T20:10:19.709Z] Checked if tokens are valid: true, expires at: 1780605589132
[debug] [2026-06-04T20:10:19.709Z] >>> [apiv2][query] GET https://cloudbilling.googleapis.com/v1/projects/cdb-studio/billingInfo [none]
[debug] [2026-06-04T20:10:19.895Z] <<< [apiv2][status] GET https://cloudbilling.googleapis.com/v1/projects/cdb-studio/billingInfo 200
[debug] [2026-06-04T20:10:19.895Z] <<< [apiv2][body] GET https://cloudbilling.googleapis.com/v1/projects/cdb-studio/billingInfo {"name":"projects/cdb-studio/billingInfo","projectId":"cdb-studio","billingAccountName":"billingAccounts/01A639-717EE9-1C6733","billingEnabled":true}
[debug] [2026-06-04T20:10:19.896Z] Checked if tokens are valid: true, expires at: 1780605589132
[debug] [2026-06-04T20:10:19.896Z] Checked if tokens are valid: true, expires at: 1780605589132
[debug] [2026-06-04T20:10:19.896Z] >>> [apiv2][query] GET https://monitoring.googleapis.com/v3/projects/cdb-studio/timeSeries/ filter=metric.type%3D%22serviceruntime.googleapis.com%2Fquota%2Fallocation%2Fusage%22+AND+metric.label.quota_metric+%3D+%22sqladmin.googleapis.com%2Ffdc_lifetime_free_trial_per_project%22&interval.endTime=2026-06-04T20%3A10%3A19.895Z&interval.startTime=2026-05-28T20%3A10%3A19.895Z
[debug] [2026-06-04T20:10:20.689Z] <<< [apiv2][status] GET https://monitoring.googleapis.com/v3/projects/cdb-studio/timeSeries/ 200
[debug] [2026-06-04T20:10:20.689Z] <<< [apiv2][body] GET https://monitoring.googleapis.com/v3/projects/cdb-studio/timeSeries/ {"timeSeries":[{"metric":{"labels":{"quota_metric":"sqladmin.googleapis.com/fdc_lifetime_free_trial_per_project"},"type":"serviceruntime.googleapis.com/quota/allocation/usage"},"resource":{"type":"consumer_quota","labels":{"project_id":"cdb-studio","location":"global","service":"sqladmin.googleapis.com"}},"metricKind":"GAUGE","valueType":"INT64","points":[{"interval":{"startTime":"2026-06-04T19:42:28Z","endTime":"2026-06-04T19:42:28Z"},"value":{"int64Value":"1"}}]}],"unit":"1"}
[warn] !  dataconnect: CloudSQL no cost trial has already been used on this project. 
[debug] [2026-06-04T20:10:20.690Z] Checked if tokens are valid: true, expires at: 1780605589132
[debug] [2026-06-04T20:10:20.690Z] Checked if tokens are valid: true, expires at: 1780605589132
[debug] [2026-06-04T20:10:20.690Z] >>> [apiv2][query] GET https://sqladmin.googleapis.com/v1/projects/cdb-studio/instances [none]
[debug] [2026-06-04T20:10:20.918Z] <<< [apiv2][status] GET https://sqladmin.googleapis.com/v1/projects/cdb-studio/instances 200
[debug] [2026-06-04T20:10:20.918Z] <<< [apiv2][body] GET https://sqladmin.googleapis.com/v1/projects/cdb-studio/instances {"items":[{"kind":"sql#instance","state":"RUNNABLE","databaseVersion":"POSTGRES_18","settings":{"authorizedGaeApplications":[],"tier":"db-f1-micro","kind":"sql#settings","userLabels":{"firebase-data-connect":"ft"},"availabilityType":"ZONAL","pricingPlan":"PER_USE","replicationType":"SYNCHRONOUS","activationPolicy":"ALWAYS","ipConfiguration":{"authorizedNetworks":[],"sslMode":"ALLOW_UNENCRYPTED_AND_ENCRYPTED","ipv4Enabled":true,"requireSsl":false,"serverCaMode":"GOOGLE_MANAGED_INTERNAL_CA","serverCertificateRotationMode":"SERVER_CERTIFICATE_ROTATION_MODE_UNSPECIFIED"},"locationPreference":{"zone":"us-east4-c","kind":"sql#locationPreference"},"databaseFlags":[{"name":"cloudsql.iam_authentication","value":"on"}],"dataDiskType":"PD_SSD","backupConfiguration":{"startTime":"02:00","kind":"sql#backupConfiguration","backupRetentionSettings":{"retentionUnit":"COUNT","retainedBackups":7},"enabled":false,"transactionLogRetentionDays":7,"transactionalLogStorageState":"TRANSACTIONAL_LOG_STORAGE_STATE_UNSPECIFIED","backupTier":"STANDARD"},"insightsConfig":{"queryInsightsEnabled":true,"queryStringLength":1024,"queryPlansPerMinute":5},"edition":"ENTERPRISE","connectorEnforcement":"NOT_REQUIRED","settingsVersion":"1","storageAutoResizeLimit":"0","storageAutoResize":false,"dataDiskSizeGb":"10","deletionProtectionEnabled":false,"replicationLagMaxSeconds":31536000,"enableGoogleMlIntegration":false,"enableDataplexIntegration":true},"etag":"19e942133c8c93de75a1b25372241f5441325aaa38cd3e6abb649eeff1b871e2","ipAddresses":[{"type":"PRIMARY","ipAddress":"136.107.147.34"},{"type":"OUTGOING","ipAddress":"34.182.150.173"}],"serverCaCert":{"kind":"sql#sslCert","certSerialNumber":"0","cert":"-----BEGIN CERTIFICATE-----\nMIIDcTCCAlmgAwIBAgIBADANBgkqhkiG9w0BAQsFADBwMS0wKwYDVQQuEyQ4NjQ1\nZDc4NS0yOGJkLTRiMDktOWE0MS1iYzdlNWU0MDc1OGExHDAaBgNVBAMTE0Nsb3Vk\nIFNRTCBTZXJ2ZXIgQ0ExFDASBgNVBAoTC0dvb2dsZSwgSW5jMQswCQYDVQQGEwJV\nUzAeFw0yNjA2MDQxOTQzMDFaFw0zNjA2MDExOTQ0MDFaMHAxLTArBgNVBC4TJDg2\nNDVkNzg1LTI4YmQtNGIwOS05YTQxLWJjN2U1ZTQwNzU4YTEcMBoGA1UEAxMTQ2xv\ndWQgU1FMIFNlcnZlciBDQTEUMBIGA1UEChMLR29vZ2xlLCBJbmMxCzAJBgNVBAYT\nAlVTMIIBIjANBgkqhkiG9w0BAQEFAAOCAQ8AMIIBCgKCAQEAuUupfjxJuok43qjP\nv8VwdgpUW8gfdJ4kPJI9OK4nHaP8j7m9GFNm1a0xpqsWAzghM1GO4XWaAeB26yh/\n6wbWimXQd1yOj11dIW5RQyWSu2gfcz88v0kVE57FvOQh/LlcwV7OCgshPnvOtTSR\nRdANJLCZBkAllLJEXCDVxEs/ZIz47Hy7Wd/zv6nnfik3vZKWAd2eN6SDG37bweAw\n8RDn5sPgcTdD2XshE2h58PfObqncyiWhKKz0fZ/fa4uI0KoXtKRbGMquq+EFf+j9\nPMVQqxQ2Tp44DRQGZk7nHf58Guu+6fvhh+b3kE06DBzYp9/1FgOPiNBm8uZIMxlW\nTzUMDQIDAQABoxYwFDASBgNVHRMBAf8ECDAGAQH/AgEAMA0GCSqGSIb3DQEBCwUA\nA4IBAQATkNRLwuJ3WGDsPETMJbC79XBAQBwKnL836UZgqW9ZqWCN3CHF+Tc/ds1J\nPP+q1r3PnRDTTtZSGeUdO0c20QGVkzg2zhu3x46tpI9YlF6SbgELBHwBDc2SFapZ\n1lc4h7ih3+p1wUlqlSe5hJIScIEvnRheI+cwiIEhV5fE/vBne3q/T3ikYfrRzThg\nfw3W7XY6asiG+YEynhM4a2SeadePfjxQMgF4O+NacqerPmTdyPjDuE65JlSL7lUK\nDsM8/esV8pJ+ZRezMwJsaZd6MrDz+LKYttV5H02QQhBCrPdZVfkEyfatVmVd2BVO\nz+lzL90tMIZMuhYKDLksqgMx0TUA\n-----END CERTIFICATE-----","commonName":"C=US,O=Google\\, Inc,CN=Cloud SQL Server CA,dnQualifier=8645d785-28bd-4b09-9a41-bc7e5e40758a","sha1Fingerprint":"4d3c8dfd90994d367481c3be4f59cdf57693a76a","instance":"siteinternet-fdc","createTime":"2026-06-04T19:43:01.219Z","expirationTime":"2036-06-01T19:44:01.219Z"},"instanceType":"CLOUD_SQL_INSTANCE","project":"cdb-studio","serviceAccountEmailAddress":"p629699185190-2w8cwf@gcp-sa-cloud-sql.iam.gserviceaccount.com","backendType":"SECOND_GEN","selfLink":"https://sqladmin.googleapis.com/v1/projects/cdb-studio/instances/siteinternet-fdc","connectionName":"cdb-studio:us-east4:siteinternet-fdc","name":"siteinternet-fdc","region":"us-east4","gceZone":"us-east4-c","databaseInstalledVersion":"POSTGRES_18_3","maintenanceVersion":"POSTGRES_18_3.R20260319.00_14","createTime":"2026-06-04T19:42:27.022Z","sqlNetworkArchitecture":"NEW_NETWORK_ARCHITECTURE","satisfiesPzi":true,"includeReplicasForMajorVersionUpgrade":false}]}
[debug] [2026-06-04T20:10:25.584Z] Checked if tokens are valid: true, expires at: 1780605589132
[debug] [2026-06-04T20:10:25.584Z] Checked if tokens are valid: true, expires at: 1780605589132
[debug] [2026-06-04T20:10:25.584Z] >>> [apiv2][query] GET https://sqladmin.googleapis.com/v1/projects/cdb-studio/instances/siteinternet-fdc/databases [none]
[debug] [2026-06-04T20:10:25.877Z] <<< [apiv2][status] GET https://sqladmin.googleapis.com/v1/projects/cdb-studio/instances/siteinternet-fdc/databases 200
[debug] [2026-06-04T20:10:25.878Z] <<< [apiv2][body] GET https://sqladmin.googleapis.com/v1/projects/cdb-studio/instances/siteinternet-fdc/databases {"kind":"sql#databasesList","items":[{"kind":"sql#database","charset":"UTF8","collation":"en_US.UTF8","etag":"78716231d87c6c55d9d565194ff9d84c757eafe4edb69fee8f69a55e560c93ef","name":"postgres","instance":"siteinternet-fdc","selfLink":"https://sqladmin.googleapis.com/v1/projects/cdb-studio/instances/siteinternet-fdc/databases/postgres","project":"cdb-studio"}]}
[info] +  dataconnect: Detected existing apps . (web), functions (admin_node) 
[debug] [2026-06-04T20:10:30.388Z] Checked if tokens are valid: true, expires at: 1780605589132
[debug] [2026-06-04T20:10:30.388Z] Checked if tokens are valid: true, expires at: 1780605589132
[debug] [2026-06-04T20:10:30.389Z] >>> [apiv2][query] POST https://firebasedataconnect.googleapis.com/v1/projects/cdb-studio/locations/us-east4/services service_id=siteinternet
[debug] [2026-06-04T20:10:30.389Z] >>> [apiv2][body] POST https://firebasedataconnect.googleapis.com/v1/projects/cdb-studio/locations/us-east4/services {"name":"projects/cdb-studio/locations/us-east4/services/siteinternet"}
[debug] [2026-06-04T20:10:32.723Z] <<< [apiv2][status] POST https://firebasedataconnect.googleapis.com/v1/projects/cdb-studio/locations/us-east4/services 200
[debug] [2026-06-04T20:10:32.723Z] <<< [apiv2][body] POST https://firebasedataconnect.googleapis.com/v1/projects/cdb-studio/locations/us-east4/services {"name":"projects/cdb-studio/locations/us-east4/operations/operation-1780603834277-6537323071cce-5bd1ec37-02517857","metadata":{"@type":"type.googleapis.com/google.firebase.dataconnect.v1.OperationMetadata","createTime":"2026-06-04T20:10:36.327981579Z","target":"projects/cdb-studio/locations/us-east4/services/siteinternet","verb":"create","requestedCancellation":false,"apiVersion":"v1"},"done":false}
[debug] [2026-06-04T20:10:32.724Z] Checked if tokens are valid: true, expires at: 1780605589132
[debug] [2026-06-04T20:10:32.724Z] Checked if tokens are valid: true, expires at: 1780605589132
[debug] [2026-06-04T20:10:32.724Z] >>> [apiv2][query] GET https://firebasedataconnect.googleapis.com/v1/projects/cdb-studio/locations/us-east4/operations/operation-1780603834277-6537323071cce-5bd1ec37-02517857 [none]
[debug] [2026-06-04T20:10:32.806Z] <<< [apiv2][status] GET https://firebasedataconnect.googleapis.com/v1/projects/cdb-studio/locations/us-east4/operations/operation-1780603834277-6537323071cce-5bd1ec37-02517857 200
[debug] [2026-06-04T20:10:32.806Z] <<< [apiv2][body] GET https://firebasedataconnect.googleapis.com/v1/projects/cdb-studio/locations/us-east4/operations/operation-1780603834277-6537323071cce-5bd1ec37-02517857 {"name":"projects/cdb-studio/locations/us-east4/operations/operation-1780603834277-6537323071cce-5bd1ec37-02517857","metadata":{"@type":"type.googleapis.com/google.firebase.dataconnect.v1.OperationMetadata","createTime":"2026-06-04T20:10:36.327981579Z","target":"projects/cdb-studio/locations/us-east4/services/siteinternet","verb":"create","requestedCancellation":false,"apiVersion":"v1"},"done":false}
[debug] [2026-06-04T20:10:33.308Z] [LRO Poller] Retrying task index 0
[debug] [2026-06-04T20:10:33.308Z] Checked if tokens are valid: true, expires at: 1780605589132
[debug] [2026-06-04T20:10:33.308Z] Checked if tokens are valid: true, expires at: 1780605589132
[debug] [2026-06-04T20:10:33.308Z] >>> [apiv2][query] GET https://firebasedataconnect.googleapis.com/v1/projects/cdb-studio/locations/us-east4/operations/operation-1780603834277-6537323071cce-5bd1ec37-02517857 [none]
[debug] [2026-06-04T20:10:33.401Z] <<< [apiv2][status] GET https://firebasedataconnect.googleapis.com/v1/projects/cdb-studio/locations/us-east4/operations/operation-1780603834277-6537323071cce-5bd1ec37-02517857 200
[debug] [2026-06-04T20:10:33.401Z] <<< [apiv2][body] GET https://firebasedataconnect.googleapis.com/v1/projects/cdb-studio/locations/us-east4/operations/operation-1780603834277-6537323071cce-5bd1ec37-02517857 {"name":"projects/cdb-studio/locations/us-east4/operations/operation-1780603834277-6537323071cce-5bd1ec37-02517857","metadata":{"@type":"type.googleapis.com/google.firebase.dataconnect.v1.OperationMetadata","createTime":"2026-06-04T20:10:36.327981579Z","target":"projects/cdb-studio/locations/us-east4/services/siteinternet","verb":"create","requestedCancellation":false,"apiVersion":"v1"},"done":false}
[debug] [2026-06-04T20:10:34.414Z] [LRO Poller] Retrying task index 0
[debug] [2026-06-04T20:10:34.414Z] Checked if tokens are valid: true, expires at: 1780605589132
[debug] [2026-06-04T20:10:34.414Z] Checked if tokens are valid: true, expires at: 1780605589132
[debug] [2026-06-04T20:10:34.414Z] >>> [apiv2][query] GET https://firebasedataconnect.googleapis.com/v1/projects/cdb-studio/locations/us-east4/operations/operation-1780603834277-6537323071cce-5bd1ec37-02517857 [none]
[debug] [2026-06-04T20:10:34.477Z] <<< [apiv2][status] GET https://firebasedataconnect.googleapis.com/v1/projects/cdb-studio/locations/us-east4/operations/operation-1780603834277-6537323071cce-5bd1ec37-02517857 200
[debug] [2026-06-04T20:10:34.477Z] <<< [apiv2][body] GET https://firebasedataconnect.googleapis.com/v1/projects/cdb-studio/locations/us-east4/operations/operation-1780603834277-6537323071cce-5bd1ec37-02517857 {"name":"projects/cdb-studio/locations/us-east4/operations/operation-1780603834277-6537323071cce-5bd1ec37-02517857","metadata":{"@type":"type.googleapis.com/google.firebase.dataconnect.v1.OperationMetadata","createTime":"2026-06-04T20:10:36.327981579Z","endTime":"2026-06-04T20:10:37.657455481Z","target":"projects/cdb-studio/locations/us-east4/services/siteinternet","verb":"create","requestedCancellation":false,"apiVersion":"v1"},"done":true,"response":{"@type":"type.googleapis.com/google.firebase.dataconnect.v1.Service","name":"projects/cdb-studio/locations/us-east4/services/siteinternet","createTime":"2026-06-04T20:10:36.323599209Z","updateTime":"2026-06-04T20:10:36.323599209Z","uid":"4ccfb745-1df3-404e-8b1f-1610b0badcef","reconciling":false,"etag":"poI4w5Xx4SQvjXlDwv5VxGV4P9rpSIPNyKHPxSFxxZo"}}
[debug] [2026-06-04T20:10:34.480Z] [Agent Service] Reusable cURL command:\ncurl -X POST "https://firebasedataconnect.googleapis.com/v1/projects/cdb-studio/locations/us-east4/services/-:generateSchema" -H "Content-Type: application/json" -H "Authorization: Bearer $(gcloud auth print-access-token)" -d '{"name":"projects/cdb-studio/locations/us-east4/services/-","prompt":"full automitisation app"}'
[debug] [2026-06-04T20:10:34.480Z] Checked if tokens are valid: true, expires at: 1780605589132
[debug] [2026-06-04T20:10:34.480Z] Checked if tokens are valid: true, expires at: 1780605589132
[debug] [2026-06-04T20:10:34.480Z] >>> [apiv2][query] POST https://firebasedataconnect.googleapis.com/v1/projects/cdb-studio/locations/us-east4/services/-:generateSchema [none]
[debug] [2026-06-04T20:10:34.481Z] >>> [apiv2][body] POST https://firebasedataconnect.googleapis.com/v1/projects/cdb-studio/locations/us-east4/services/-:generateSchema {"name":"projects/cdb-studio/locations/us-east4/services/-","prompt":"full automitisation app"}
[debug] [2026-06-04T20:10:34.708Z] <<< [apiv2][status] POST https://firebasedataconnect.googleapis.com/v1/projects/cdb-studio/locations/us-east4/services/-:generateSchema 200
[debug] [2026-06-04T20:10:34.708Z] <<< [apiv2][body] POST https://firebasedataconnect.googleapis.com/v1/projects/cdb-studio/locations/us-east4/services/-:generateSchema [stream]
[debug] [2026-06-04T20:10:40.401Z] Checked if tokens are valid: true, expires at: 1780605589132
[debug] [2026-06-04T20:10:40.401Z] Checked if tokens are valid: true, expires at: 1780605589132
[debug] [2026-06-04T20:10:40.402Z] [Agent Service] Reusable cURL command:\ncurl -X POST "https://firebasedataconnect.googleapis.com/v1/projects/cdb-studio/locations/us-east4/services/-:generateQuery" -H "Content-Type: application/json" -H "Authorization: Bearer $(gcloud auth print-access-token)" -d '{"name":"projects/cdb-studio/locations/us-east4/services/-","prompt":"Create 4 operations for an app using the instance schema with proper authentication.","schemas":[{"name":"projects/cdb-studio/locations/us-east4/services/siteinternet/schemas/main","datasources":[],"source":{"files":[{"path":"schema.gql","content":"type User @table {\n  email: String!\n  createdAt: Timestamp!\n  displayName: String\n  planType: String\n}\n\ntype Workflow @table {\n  user: User!\n  name: String!\n  triggerType: String!\n  status: String!\n  description: String\n  scheduleCron: String\n}\n\ntype Action @table {\n  workflow: Workflow!\n  type: String!\n  configuration: String!\n  orderIndex: Int\n}\n\ntype Credential @table {\n  user: User!\n  serviceName: String!\n  encryptedToken: String!\n  expiresAt: Timestamp\n}\n\ntype ExecutionLog @table {\n  workflow: Workflow!\n  status: String!\n  startedAt: Timestamp!\n  errorMessage: String\n  durationMs: Int64\n}"}]}}]}'
[debug] [2026-06-04T20:10:40.402Z] Checked if tokens are valid: true, expires at: 1780605589132
[debug] [2026-06-04T20:10:40.402Z] Checked if tokens are valid: true, expires at: 1780605589132
[debug] [2026-06-04T20:10:40.402Z] [Agent Service] Reusable cURL command:\ncurl -X POST "https://firebasedataconnect.googleapis.com/v1/projects/cdb-studio/locations/us-east4/services/-:generateQuery" -H "Content-Type: application/json" -H "Authorization: Bearer $(gcloud auth print-access-token)" -d '{"name":"projects/cdb-studio/locations/us-east4/services/-","prompt":"Create a mutation to populate the database with some seed data.","schemas":[{"name":"projects/cdb-studio/locations/us-east4/services/siteinternet/schemas/main","datasources":[],"source":{"files":[{"path":"schema.gql","content":"type User @table {\n  email: String!\n  createdAt: Timestamp!\n  displayName: String\n  planType: String\n}\n\ntype Workflow @table {\n  user: User!\n  name: String!\n  triggerType: String!\n  status: String!\n  description: String\n  scheduleCron: String\n}\n\ntype Action @table {\n  workflow: Workflow!\n  type: String!\n  configuration: String!\n  orderIndex: Int\n}\n\ntype Credential @table {\n  user: User!\n  serviceName: String!\n  encryptedToken: String!\n  expiresAt: Timestamp\n}\n\ntype ExecutionLog @table {\n  workflow: Workflow!\n  status: String!\n  startedAt: Timestamp!\n  errorMessage: String\n  durationMs: Int64\n}"}]}}]}'
[debug] [2026-06-04T20:10:40.402Z] Checked if tokens are valid: true, expires at: 1780605589132
[debug] [2026-06-04T20:10:40.402Z] Checked if tokens are valid: true, expires at: 1780605589132
[debug] [2026-06-04T20:10:40.402Z] >>> [apiv2][query] PATCH https://firebasedataconnect.googleapis.com/v1/projects/cdb-studio/locations/us-east4/services/siteinternet/schemas/main allowMissing=true&validateOnly=false
[debug] [2026-06-04T20:10:40.402Z] >>> [apiv2][body] PATCH https://firebasedataconnect.googleapis.com/v1/projects/cdb-studio/locations/us-east4/services/siteinternet/schemas/main {"name":"projects/cdb-studio/locations/us-east4/services/siteinternet/schemas/main","datasources":[{"postgresql":{}}],"source":{"files":[{"path":"schema.gql","content":"type User @table {\n  email: String!\n  createdAt: Timestamp!\n  displayName: String\n  planType: String\n}\n\ntype Workflow @table {\n  user: User!\n  name: String!\n  triggerType: String!\n  status: String!\n  description: String\n  scheduleCron: String\n}\n\ntype Action @table {\n  workflow: Workflow!\n  type: String!\n  configuration: String!\n  orderIndex: Int\n}\n\ntype Credential @table {\n  user: User!\n  serviceName: String!\n  encryptedToken: String!\n  expiresAt: Timestamp\n}\n\ntype ExecutionLog @table {\n  workflow: Workflow!\n  status: String!\n  startedAt: Timestamp!\n  errorMessage: String\n  durationMs: Int64\n}"}]}}
[debug] [2026-06-04T20:10:40.402Z] >>> [apiv2][query] POST https://firebasedataconnect.googleapis.com/v1/projects/cdb-studio/locations/us-east4/services/-:generateQuery [none]
[debug] [2026-06-04T20:10:40.402Z] >>> [apiv2][body] POST https://firebasedataconnect.googleapis.com/v1/projects/cdb-studio/locations/us-east4/services/-:generateQuery {"name":"projects/cdb-studio/locations/us-east4/services/-","prompt":"Create 4 operations for an app using the instance schema with proper authentication.","schemas":[{"name":"projects/cdb-studio/locations/us-east4/services/siteinternet/schemas/main","datasources":[],"source":{"files":[{"path":"schema.gql","content":"type User @table {\n  email: String!\n  createdAt: Timestamp!\n  displayName: String\n  planType: String\n}\n\ntype Workflow @table {\n  user: User!\n  name: String!\n  triggerType: String!\n  status: String!\n  description: String\n  scheduleCron: String\n}\n\ntype Action @table {\n  workflow: Workflow!\n  type: String!\n  configuration: String!\n  orderIndex: Int\n}\n\ntype Credential @table {\n  user: User!\n  serviceName: String!\n  encryptedToken: String!\n  expiresAt: Timestamp\n}\n\ntype ExecutionLog @table {\n  workflow: Workflow!\n  status: String!\n  startedAt: Timestamp!\n  errorMessage: String\n  durationMs: Int64\n}"}]}}]}
[debug] [2026-06-04T20:10:40.404Z] >>> [apiv2][query] POST https://firebasedataconnect.googleapis.com/v1/projects/cdb-studio/locations/us-east4/services/-:generateQuery [none]
[debug] [2026-06-04T20:10:40.404Z] >>> [apiv2][body] POST https://firebasedataconnect.googleapis.com/v1/projects/cdb-studio/locations/us-east4/services/-:generateQuery {"name":"projects/cdb-studio/locations/us-east4/services/-","prompt":"Create a mutation to populate the database with some seed data.","schemas":[{"name":"projects/cdb-studio/locations/us-east4/services/siteinternet/schemas/main","datasources":[],"source":{"files":[{"path":"schema.gql","content":"type User @table {\n  email: String!\n  createdAt: Timestamp!\n  displayName: String\n  planType: String\n}\n\ntype Workflow @table {\n  user: User!\n  name: String!\n  triggerType: String!\n  status: String!\n  description: String\n  scheduleCron: String\n}\n\ntype Action @table {\n  workflow: Workflow!\n  type: String!\n  configuration: String!\n  orderIndex: Int\n}\n\ntype Credential @table {\n  user: User!\n  serviceName: String!\n  encryptedToken: String!\n  expiresAt: Timestamp\n}\n\ntype ExecutionLog @table {\n  workflow: Workflow!\n  status: String!\n  startedAt: Timestamp!\n  errorMessage: String\n  durationMs: Int64\n}"}]}}]}
[debug] [2026-06-04T20:10:40.528Z] <<< [apiv2][status] PATCH https://firebasedataconnect.googleapis.com/v1/projects/cdb-studio/locations/us-east4/services/siteinternet/schemas/main 200
[debug] [2026-06-04T20:10:40.528Z] <<< [apiv2][body] PATCH https://firebasedataconnect.googleapis.com/v1/projects/cdb-studio/locations/us-east4/services/siteinternet/schemas/main {"name":"projects/cdb-studio/locations/us-east4/operations/operation-1780603844108-65373239d2216-f2e7274e-f89b473d","metadata":{"@type":"type.googleapis.com/google.firebase.dataconnect.v1.OperationMetadata","createTime":"2026-06-04T20:10:44.137601259Z","target":"projects/cdb-studio/locations/us-east4/services/siteinternet/schemas/main","verb":"update","requestedCancellation":false,"apiVersion":"v1"},"done":false}
[debug] [2026-06-04T20:10:40.528Z] Checked if tokens are valid: true, expires at: 1780605589132
[debug] [2026-06-04T20:10:40.528Z] Checked if tokens are valid: true, expires at: 1780605589132
[debug] [2026-06-04T20:10:40.528Z] >>> [apiv2][query] GET https://firebasedataconnect.googleapis.com/v1/projects/cdb-studio/locations/us-east4/operations/operation-1780603844108-65373239d2216-f2e7274e-f89b473d [none]
[debug] [2026-06-04T20:10:40.590Z] <<< [apiv2][status] GET https://firebasedataconnect.googleapis.com/v1/projects/cdb-studio/locations/us-east4/operations/operation-1780603844108-65373239d2216-f2e7274e-f89b473d 200
[debug] [2026-06-04T20:10:40.590Z] <<< [apiv2][body] GET https://firebasedataconnect.googleapis.com/v1/projects/cdb-studio/locations/us-east4/operations/operation-1780603844108-65373239d2216-f2e7274e-f89b473d {"name":"projects/cdb-studio/locations/us-east4/operations/operation-1780603844108-65373239d2216-f2e7274e-f89b473d","metadata":{"@type":"type.googleapis.com/google.firebase.dataconnect.v1.OperationMetadata","createTime":"2026-06-04T20:10:44.137601259Z","target":"projects/cdb-studio/locations/us-east4/services/siteinternet/schemas/main","verb":"update","requestedCancellation":false,"apiVersion":"v1"},"done":false}
[debug] [2026-06-04T20:10:40.688Z] <<< [apiv2][status] POST https://firebasedataconnect.googleapis.com/v1/projects/cdb-studio/locations/us-east4/services/-:generateQuery 200
[debug] [2026-06-04T20:10:40.688Z] <<< [apiv2][body] POST https://firebasedataconnect.googleapis.com/v1/projects/cdb-studio/locations/us-east4/services/-:generateQuery [stream]
[debug] [2026-06-04T20:10:40.695Z] <<< [apiv2][status] POST https://firebasedataconnect.googleapis.com/v1/projects/cdb-studio/locations/us-east4/services/-:generateQuery 200
[debug] [2026-06-04T20:10:40.696Z] <<< [apiv2][body] POST https://firebasedataconnect.googleapis.com/v1/projects/cdb-studio/locations/us-east4/services/-:generateQuery [stream]
[debug] [2026-06-04T20:10:41.102Z] [LRO Poller] Retrying task index 0
[debug] [2026-06-04T20:10:41.102Z] Checked if tokens are valid: true, expires at: 1780605589132
[debug] [2026-06-04T20:10:41.102Z] Checked if tokens are valid: true, expires at: 1780605589132
[debug] [2026-06-04T20:10:41.102Z] >>> [apiv2][query] GET https://firebasedataconnect.googleapis.com/v1/projects/cdb-studio/locations/us-east4/operations/operation-1780603844108-65373239d2216-f2e7274e-f89b473d [none]
[debug] [2026-06-04T20:10:41.158Z] <<< [apiv2][status] GET https://firebasedataconnect.googleapis.com/v1/projects/cdb-studio/locations/us-east4/operations/operation-1780603844108-65373239d2216-f2e7274e-f89b473d 200
[debug] [2026-06-04T20:10:41.158Z] <<< [apiv2][body] GET https://firebasedataconnect.googleapis.com/v1/projects/cdb-studio/locations/us-east4/operations/operation-1780603844108-65373239d2216-f2e7274e-f89b473d {"name":"projects/cdb-studio/locations/us-east4/operations/operation-1780603844108-65373239d2216-f2e7274e-f89b473d","metadata":{"@type":"type.googleapis.com/google.firebase.dataconnect.v1.OperationMetadata","createTime":"2026-06-04T20:10:44.137601259Z","endTime":"2026-06-04T20:10:44.391415662Z","target":"projects/cdb-studio/locations/us-east4/services/siteinternet/schemas/main","verb":"update","requestedCancellation":false,"apiVersion":"v1"},"done":true,"response":{"@type":"type.googleapis.com/google.firebase.dataconnect.v1.Schema","name":"projects/cdb-studio/locations/us-east4/services/siteinternet/schemas/main","createTime":"2026-06-04T20:10:44.130755579Z","updateTime":"2026-06-04T20:10:44.130755579Z","source":{"files":[{"path":"schema.gql","content":"type User @table {\n  email: String!\n  createdAt: Timestamp!\n  displayName: String\n  planType: String\n}\n\ntype Workflow @table {\n  user: User!\n  name: String!\n  triggerType: String!\n  status: String!\n  description: String\n  scheduleCron: String\n}\n\ntype Action @table {\n  workflow: Workflow!\n  type: String!\n  configuration: String!\n  orderIndex: Int\n}\n\ntype Credential @table {\n  user: User!\n  serviceName: String!\n  encryptedToken: String!\n  expiresAt: Timestamp\n}\n\ntype ExecutionLog @table {\n  workflow: Workflow!\n  status: String!\n  startedAt: Timestamp!\n  errorMessage: String\n  durationMs: Int64\n}"}]},"uid":"8d6a2d5c-c5a4-4903-a7de-c8a155c2c699","reconciling":false,"datasources":[{"postgresql":{"ephemeral":true}}],"etag":"_3ZN6FgyntD3UUHk1cC1Zrgs_kz1B-4RXIwJRfosiIk"}}
[info] i  dataconnect\dataconnect.yaml is unchanged 
[info] i  Skipping write of dataconnect\seed_data.gql 
[info] i  Skipping write of dataconnect\schema\schema.gql 
[info] i  Skipping write of dataconnect\example\connector.yaml 
[info] i  Skipping write of dataconnect\example\queries.gql 
[info] +  Wrote dataconnect\example\connector.yaml 
[info] i  dataconnect: Installing the generated SDKs ... 
[debug] [2026-06-04T20:11:32.903Z] defaultcredentials: writing to file C:\Users\Admin\AppData\Roaming\firebase\crimaud34_gmail_com_application_default_credentials.json
[info] +  dataconnect: Installed generated SDKs for . (web) 
[info] 
=== Firestore Setup
[info] i  firestore: ensuring required API firestore.googleapis.com is enabled... 
[debug] [2026-06-04T20:11:33.013Z] Checked if tokens are valid: true, expires at: 1780605589132
[debug] [2026-06-04T20:11:33.013Z] Checked if tokens are valid: true, expires at: 1780605589132
[debug] [2026-06-04T20:11:33.013Z] >>> [apiv2][query] GET https://firestore.googleapis.com/v1/projects/cdb-studio/databases [none]
[debug] [2026-06-04T20:11:33.484Z] <<< [apiv2][status] GET https://firestore.googleapis.com/v1/projects/cdb-studio/databases 200
[debug] [2026-06-04T20:11:33.484Z] <<< [apiv2][body] GET https://firestore.googleapis.com/v1/projects/cdb-studio/databases {}
[debug] [2026-06-04T20:11:33.485Z] Checked if tokens are valid: true, expires at: 1780605589132
[debug] [2026-06-04T20:11:33.485Z] Checked if tokens are valid: true, expires at: 1780605589132
[debug] [2026-06-04T20:11:33.485Z] >>> [apiv2][query] GET https://firestore.googleapis.com/v1/projects/cdb-studio/locations [none]
[debug] [2026-06-04T20:11:33.610Z] <<< [apiv2][status] GET https://firestore.googleapis.com/v1/projects/cdb-studio/locations 200
[debug] [2026-06-04T20:11:33.610Z] <<< [apiv2][body] GET https://firestore.googleapis.com/v1/projects/cdb-studio/locations {"locations":[{"name":"projects/cdb-studio/locations/eur3","labels":{"appengine.googleapis.com/geo":"europe-west","cloud.googleapis.com/location":"eur3","cloud.googleapis.com/geo":"eur3"},"metadata":{"@type":"type.googleapis.com/google.firestore.admin.v1.LocationMetadata"},"locationId":"eur3","displayName":"Europe"},{"name":"projects/cdb-studio/locations/nam5","labels":{"appengine.googleapis.com/geo":"us-central","cloud.googleapis.com/location":"nam5","cloud.googleapis.com/geo":"nam5"},"metadata":{"@type":"type.googleapis.com/google.firestore.admin.v1.LocationMetadata"},"locationId":"nam5","displayName":"United States"},{"name":"projects/cdb-studio/locations/nam7","labels":{"cloud.googleapis.com/location":"nam7","cloud.googleapis.com/geo":"nam7"},"metadata":{"@type":"type.googleapis.com/google.firestore.admin.v1.LocationMetadata"},"locationId":"nam7","displayName":"United States"},{"name":"projects/cdb-studio/locations/africa-south1","labels":{"cloud.googleapis.com/location":"africa-south1","cloud.googleapis.com/region":"africa-south1"},"metadata":{"@type":"type.googleapis.com/google.firestore.admin.v1.LocationMetadata"},"locationId":"africa-south1","displayName":"Johannesburg"},{"name":"projects/cdb-studio/locations/asia-east1","labels":{"appengine.googleapis.com/region":"asia-east1","cloud.googleapis.com/location":"asia-east1","cloud.googleapis.com/region":"asia-east1"},"metadata":{"@type":"type.googleapis.com/google.firestore.admin.v1.LocationMetadata"},"locationId":"asia-east1","displayName":"Taiwan"},{"name":"projects/cdb-studio/locations/asia-east2","labels":{"appengine.googleapis.com/region":"asia-east2","cloud.googleapis.com/location":"asia-east2","cloud.googleapis.com/region":"asia-east2"},"metadata":{"@type":"type.googleapis.com/google.firestore.admin.v1.LocationMetadata"},"locationId":"asia-east2","displayName":"Hong Kong"},{"name":"projects/cdb-studio/locations/asia-northeast1","labels":{"appengine.googleapis.com/region":"asia-northeast1","cloud.googleapis.com/location":"asia-northeast1","cloud.googleapis.com/region":"asia-northeast1"},"metadata":{"@type":"type.googleapis.com/google.firestore.admin.v1.LocationMetadata"},"locationId":"asia-northeast1","displayName":"Tokyo"},{"name":"projects/cdb-studio/locations/asia-northeast2","labels":{"appengine.googleapis.com/region":"asia-northeast2","cloud.googleapis.com/location":"asia-northeast2","cloud.googleapis.com/region":"asia-northeast2"},"metadata":{"@type":"type.googleapis.com/google.firestore.admin.v1.LocationMetadata"},"locationId":"asia-northeast2","displayName":"Osaka"},{"name":"projects/cdb-studio/locations/asia-northeast3","labels":{"appengine.googleapis.com/region":"asia-northeast3","cloud.googleapis.com/location":"asia-northeast3","cloud.googleapis.com/region":"asia-northeast3"},"metadata":{"@type":"type.googleapis.com/google.firestore.admin.v1.LocationMetadata"},"locationId":"asia-northeast3","displayName":"Seoul"},{"name":"projects/cdb-studio/locations/asia-south1","labels":{"appengine.googleapis.com/region":"asia-south1","cloud.googleapis.com/location":"asia-south1","cloud.googleapis.com/region":"asia-south1"},"metadata":{"@type":"type.googleapis.com/google.firestore.admin.v1.LocationMetadata"},"locationId":"asia-south1","displayName":"Mumbai"},{"name":"projects/cdb-studio/locations/asia-south2","labels":{"cloud.googleapis.com/location":"asia-south2","cloud.googleapis.com/region":"asia-south2"},"metadata":{"@type":"type.googleapis.com/google.firestore.admin.v1.LocationMetadata"},"locationId":"asia-south2","displayName":"Delhi"},{"name":"projects/cdb-studio/locations/asia-southeast1","labels":{"appengine.googleapis.com/region":"asia-southeast1","cloud.googleapis.com/location":"asia-southeast1","cloud.googleapis.com/region":"asia-southeast1"},"metadata":{"@type":"type.googleapis.com/google.firestore.admin.v1.LocationMetadata"},"locationId":"asia-southeast1","displayName":"Singapore"},{"name":"projects/cdb-studio/locations/asia-southeast2","labels":{"appengine.googleapis.com/region":"asia-southeast2","cloud.googleapis.com/location":"asia-southeast2","cloud.googleapis.com/region":"asia-southeast2"},"metadata":{"@type":"type.googleapis.com/google.firestore.admin.v1.LocationMetadata"},"locationId":"asia-southeast2","displayName":"Jakarta"},{"name":"projects/cdb-studio/locations/asia-southeast3","labels":{"cloud.googleapis.com/location":"asia-southeast3","cloud.googleapis.com/region":"asia-southeast3"},"metadata":{"@type":"type.googleapis.com/google.firestore.admin.v1.LocationMetadata"},"locationId":"asia-southeast3","displayName":"Bangkok"},{"name":"projects/cdb-studio/locations/australia-southeast1","labels":{"appengine.googleapis.com/region":"australia-southeast1","cloud.googleapis.com/location":"australia-southeast1","cloud.googleapis.com/region":"australia-southeast1"},"metadata":{"@type":"type.googleapis.com/google.firestore.admin.v1.LocationMetadata"},"locationId":"australia-southeast1","displayName":"Sydney"},{"name":"projects/cdb-studio/locations/australia-southeast2","labels":{"cloud.googleapis.com/location":"australia-southeast2","cloud.googleapis.com/region":"australia-southeast2"},"metadata":{"@type":"type.googleapis.com/google.firestore.admin.v1.LocationMetadata"},"locationId":"australia-southeast2","displayName":"Melbourne"},{"name":"projects/cdb-studio/locations/europe-central2","labels":{"appengine.googleapis.com/region":"europe-central2","cloud.googleapis.com/location":"europe-central2","cloud.googleapis.com/region":"europe-central2"},"metadata":{"@type":"type.googleapis.com/google.firestore.admin.v1.LocationMetadata"},"locationId":"europe-central2","displayName":"Warsaw"},{"name":"projects/cdb-studio/locations/europe-north1","labels":{"cloud.googleapis.com/location":"europe-north1","cloud.googleapis.com/region":"europe-north1"},"metadata":{"@type":"type.googleapis.com/google.firestore.admin.v1.LocationMetadata"},"locationId":"europe-north1","displayName":"Finland"},{"name":"projects/cdb-studio/locations/europe-north2","labels":{"cloud.googleapis.com/location":"europe-north2","cloud.googleapis.com/region":"europe-north2"},"metadata":{"@type":"type.googleapis.com/google.firestore.admin.v1.LocationMetadata"},"locationId":"europe-north2","displayName":"Stockholm"},{"name":"projects/cdb-studio/locations/europe-southwest1","labels":{"cloud.googleapis.com/location":"europe-southwest1","cloud.googleapis.com/region":"europe-southwest1"},"metadata":{"@type":"type.googleapis.com/google.firestore.admin.v1.LocationMetadata"},"locationId":"europe-southwest1","displayName":"Madrid"},{"name":"projects/cdb-studio/locations/europe-west1","labels":{"cloud.googleapis.com/location":"europe-west1","cloud.googleapis.com/region":"europe-west1"},"metadata":{"@type":"type.googleapis.com/google.firestore.admin.v1.LocationMetadata"},"locationId":"europe-west1","displayName":"Belgium"},{"name":"projects/cdb-studio/locations/europe-west10","labels":{"cloud.googleapis.com/location":"europe-west10","cloud.googleapis.com/region":"europe-west10"},"metadata":{"@type":"type.googleapis.com/google.firestore.admin.v1.LocationMetadata"},"locationId":"europe-west10","displayName":"Berlin"},{"name":"projects/cdb-studio/locations/europe-west12","labels":{"cloud.googleapis.com/location":"europe-west12","cloud.googleapis.com/region":"europe-west12"},"metadata":{"@type":"type.googleapis.com/google.firestore.admin.v1.LocationMetadata"},"locationId":"europe-west12","displayName":"Turin"},{"name":"projects/cdb-studio/locations/europe-west2","labels":{"appengine.googleapis.com/region":"europe-west2","cloud.googleapis.com/location":"europe-west2","cloud.googleapis.com/region":"europe-west2"},"metadata":{"@type":"type.googleapis.com/google.firestore.admin.v1.LocationMetadata"},"locationId":"europe-west2","displayName":"London"},{"name":"projects/cdb-studio/locations/europe-west3","labels":{"appengine.googleapis.com/region":"europe-west3","cloud.googleapis.com/location":"europe-west3","cloud.googleapis.com/region":"europe-west3"},"metadata":{"@type":"type.googleapis.com/google.firestore.admin.v1.LocationMetadata"},"locationId":"europe-west3","displayName":"Frankfurt"},{"name":"projects/cdb-studio/locations/europe-west4","labels":{"cloud.googleapis.com/location":"europe-west4","cloud.googleapis.com/region":"europe-west4"},"metadata":{"@type":"type.googleapis.com/google.firestore.admin.v1.LocationMetadata"},"locationId":"europe-west4","displayName":"Netherlands"},{"name":"projects/cdb-studio/locations/europe-west6","labels":{"appengine.googleapis.com/region":"europe-west6","cloud.googleapis.com/location":"europe-west6","cloud.googleapis.com/region":"europe-west6"},"metadata":{"@type":"type.googleapis.com/google.firestore.admin.v1.LocationMetadata"},"locationId":"europe-west6","displayName":"Zurich"},{"name":"projects/cdb-studio/locations/europe-west8","labels":{"cloud.googleapis.com/location":"europe-west8","cloud.googleapis.com/region":"europe-west8"},"metadata":{"@type":"type.googleapis.com/google.firestore.admin.v1.LocationMetadata"},"locationId":"europe-west8","displayName":"Milan"},{"name":"projects/cdb-studio/locations/europe-west9","labels":{"cloud.googleapis.com/location":"europe-west9","cloud.googleapis.com/region":"europe-west9"},"metadata":{"@type":"type.googleapis.com/google.firestore.admin.v1.LocationMetadata"},"locationId":"europe-west9","displayName":"Paris"},{"name":"projects/cdb-studio/locations/me-central1","labels":{"cloud.googleapis.com/location":"me-central1","cloud.googleapis.com/region":"me-central1"},"metadata":{"@type":"type.googleapis.com/google.firestore.admin.v1.LocationMetadata"},"locationId":"me-central1","displayName":"Doha"},{"name":"projects/cdb-studio/locations/me-central2","labels":{"cloud.googleapis.com/location":"me-central2","cloud.googleapis.com/region":"me-central2"},"metadata":{"@type":"type.googleapis.com/google.firestore.admin.v1.LocationMetadata"},"locationId":"me-central2","displayName":"Dammam"},{"name":"projects/cdb-studio/locations/me-west1","labels":{"cloud.googleapis.com/location":"me-west1","cloud.googleapis.com/region":"me-west1"},"metadata":{"@type":"type.googleapis.com/google.firestore.admin.v1.LocationMetadata"},"locationId":"me-west1","displayName":"Tel Aviv"},{"name":"projects/cdb-studio/locations/northamerica-northeast1","labels":{"appengine.googleapis.com/region":"northamerica-northeast1","cloud.googleapis.com/location":"northamerica-northeast1","cloud.googleapis.com/region":"northamerica-northeast1"},"metadata":{"@type":"type.googleapis.com/google.firestore.admin.v1.LocationMetadata"},"locationId":"northamerica-northeast1","displayName":"Montréal"},{"name":"projects/cdb-studio/locations/northamerica-northeast2","labels":{"cloud.googleapis.com/location":"northamerica-northeast2","cloud.googleapis.com/region":"northamerica-northeast2"},"metadata":{"@type":"type.googleapis.com/google.firestore.admin.v1.LocationMetadata"},"locationId":"northamerica-northeast2","displayName":"Toronto"},{"name":"projects/cdb-studio/locations/northamerica-south1","labels":{"cloud.googleapis.com/location":"northamerica-south1","cloud.googleapis.com/region":"northamerica-south1"},"metadata":{"@type":"type.googleapis.com/google.firestore.admin.v1.LocationMetadata"},"locationId":"northamerica-south1","displayName":"Mexico"},{"name":"projects/cdb-studio/locations/southamerica-east1","labels":{"appengine.googleapis.com/region":"southamerica-east1","cloud.googleapis.com/location":"southamerica-east1","cloud.googleapis.com/region":"southamerica-east1"},"metadata":{"@type":"type.googleapis.com/google.firestore.admin.v1.LocationMetadata"},"locationId":"southamerica-east1","displayName":"São Paulo"},{"name":"projects/cdb-studio/locations/southamerica-west1","labels":{"cloud.googleapis.com/location":"southamerica-west1","cloud.googleapis.com/region":"southamerica-west1"},"metadata":{"@type":"type.googleapis.com/google.firestore.admin.v1.LocationMetadata"},"locationId":"southamerica-west1","displayName":"Santiago"},{"name":"projects/cdb-studio/locations/us-central1","labels":{"cloud.googleapis.com/location":"us-central1","cloud.googleapis.com/region":"us-central1"},"metadata":{"@type":"type.googleapis.com/google.firestore.admin.v1.LocationMetadata"},"locationId":"us-central1","displayName":"Iowa"},{"name":"projects/cdb-studio/locations/us-east1","labels":{"appengine.googleapis.com/region":"us-east1","cloud.googleapis.com/location":"us-east1","cloud.googleapis.com/region":"us-east1"},"metadata":{"@type":"type.googleapis.com/google.firestore.admin.v1.LocationMetadata"},"locationId":"us-east1","displayName":"South Carolina"},{"name":"projects/cdb-studio/locations/us-east4","labels":{"appengine.googleapis.com/region":"us-east4","cloud.googleapis.com/location":"us-east4","cloud.googleapis.com/region":"us-east4"},"metadata":{"@type":"type.googleapis.com/google.firestore.admin.v1.LocationMetadata"},"locationId":"us-east4","displayName":"Northern Virginia"},{"name":"projects/cdb-studio/locations/us-east5","labels":{"cloud.googleapis.com/location":"us-east5","cloud.googleapis.com/region":"us-east5"},"metadata":{"@type":"type.googleapis.com/google.firestore.admin.v1.LocationMetadata"},"locationId":"us-east5","displayName":"Columbus"},{"name":"projects/cdb-studio/locations/us-south1","labels":{"cloud.googleapis.com/location":"us-south1","cloud.googleapis.com/region":"us-south1"},"metadata":{"@type":"type.googleapis.com/google.firestore.admin.v1.LocationMetadata"},"locationId":"us-south1","displayName":"Dallas"},{"name":"projects/cdb-studio/locations/us-west1","labels":{"appengine.googleapis.com/region":"us-west1","cloud.googleapis.com/location":"us-west1","cloud.googleapis.com/region":"us-west1"},"metadata":{"@type":"type.googleapis.com/google.firestore.admin.v1.LocationMetadata"},"locationId":"us-west1","displayName":"Oregon"},{"name":"projects/cdb-studio/locations/us-west2","labels":{"appengine.googleapis.com/region":"us-west2","cloud.googleapis.com/location":"us-west2","cloud.googleapis.com/region":"us-west2"},"metadata":{"@type":"type.googleapis.com/google.firestore.admin.v1.LocationMetadata"},"locationId":"us-west2","displayName":"Los Angeles"},{"name":"projects/cdb-studio/locations/us-west3","labels":{"appengine.googleapis.com/region":"us-west3","cloud.googleapis.com/location":"us-west3","cloud.googleapis.com/region":"us-west3"},"metadata":{"@type":"type.googleapis.com/google.firestore.admin.v1.LocationMetadata"},"locationId":"us-west3","displayName":"Salt Lake City"},{"name":"projects/cdb-studio/locations/us-west4","labels":{"appengine.googleapis.com/region":"us-west4","cloud.googleapis.com/location":"us-west4","cloud.googleapis.com/region":"us-west4"},"metadata":{"@type":"type.googleapis.com/google.firestore.admin.v1.LocationMetadata"},"locationId":"us-west4","displayName":"Las Vegas"}]}
[info] 
[info] Firestore Security Rules allow you to define how and when to allow
[info] requests. You can keep these rules in your project directory
[info] and publish them with firebase deploy.
[info] 
[debug] [2026-06-04T20:11:36.759Z] Checked if tokens are valid: true, expires at: 1780605589132
[debug] [2026-06-04T20:11:36.759Z] Checked if tokens are valid: true, expires at: 1780605589132
[debug] [2026-06-04T20:11:36.759Z] >>> [apiv2][query] GET https://firebaserules.googleapis.com/v1/projects/cdb-studio/releases pageSize=10&pageToken=
[debug] [2026-06-04T20:11:37.029Z] <<< [apiv2][status] GET https://firebaserules.googleapis.com/v1/projects/cdb-studio/releases 200
[debug] [2026-06-04T20:11:37.029Z] <<< [apiv2][body] GET https://firebaserules.googleapis.com/v1/projects/cdb-studio/releases {}
[info] i  firestore.rules is unchanged 
[info] 
[info] Firestore indexes allow you to perform complex queries while
[info] maintaining performance that scales with the size of the result
[info] set. You can keep index definitions in your project directory
[info] and publish them with firebase deploy.
[info] 
[debug] [2026-06-04T20:11:37.034Z] Checked if tokens are valid: true, expires at: 1780605589132
[debug] [2026-06-04T20:11:37.034Z] Checked if tokens are valid: true, expires at: 1780605589132
[debug] [2026-06-04T20:11:37.034Z] Checked if tokens are valid: true, expires at: 1780605589132
[debug] [2026-06-04T20:11:37.034Z] Checked if tokens are valid: true, expires at: 1780605589132
[debug] [2026-06-04T20:11:37.034Z] >>> [apiv2][query] GET https://firestore.googleapis.com/v1/projects/cdb-studio/databases/(default)/collectionGroups/-/indexes [none]
[debug] [2026-06-04T20:11:37.035Z] >>> [apiv2][query] GET https://firestore.googleapis.com/v1/projects/cdb-studio/databases/(default)/collectionGroups/-/fields?filter=indexConfig.usesAncestorConfig=false OR ttlConfig:* [none]
[debug] [2026-06-04T20:11:37.202Z] <<< [apiv2][status] GET https://firestore.googleapis.com/v1/projects/cdb-studio/databases/(default)/collectionGroups/-/indexes 404
[debug] [2026-06-04T20:11:37.202Z] <<< [apiv2][body] GET https://firestore.googleapis.com/v1/projects/cdb-studio/databases/(default)/collectionGroups/-/indexes {"error":{"code":404,"message":"Project 'cdb-studio' or database '(default)' does not exist.","status":"NOT_FOUND"}}
[info] i  firestore.indexes.json is unchanged 
[info] 
=== Genkit Setup
[debug] [2026-06-04T20:11:37.239Z] <<< [apiv2][status] GET https://firestore.googleapis.com/v1/projects/cdb-studio/databases/(default)/collectionGroups/-/fields?filter=indexConfig.usesAncestorConfig=false OR ttlConfig:* 404
[debug] [2026-06-04T20:11:37.239Z] <<< [apiv2][body] GET https://firestore.googleapis.com/v1/projects/cdb-studio/databases/(default)/collectionGroups/-/fields?filter=indexConfig.usesAncestorConfig=false OR ttlConfig:* {"error":{"code":404,"message":"Project 'cdb-studio' or database '(default)' does not exist.","status":"NOT_FOUND"}}
[debug] [2026-06-04T20:11:41.894Z] > command requires scopes: ["email","openid","https://www.googleapis.com/auth/cloudplatformprojects.readonly","https://www.googleapis.com/auth/firebase","https://www.googleapis.com/auth/cloud-platform"]
[debug] [2026-06-04T20:11:41.894Z] > authorizing via signed-in user (crimaud34@gmail.com)
[debug] [2026-06-04T20:11:41.894Z] [iam] checking project cdb-studio for permissions ["firebase.projects.get"]
[debug] [2026-06-04T20:11:41.894Z] Checked if tokens are valid: true, expires at: 1780605589132
[debug] [2026-06-04T20:11:41.894Z] Checked if tokens are valid: true, expires at: 1780605589132
[debug] [2026-06-04T20:11:41.894Z] >>> [apiv2][query] POST https://cloudresourcemanager.googleapis.com/v1/projects/cdb-studio:testIamPermissions [none]
[debug] [2026-06-04T20:11:41.894Z] >>> [apiv2][(partial)header] POST https://cloudresourcemanager.googleapis.com/v1/projects/cdb-studio:testIamPermissions  x-goog-user-project=cdb-studio
[debug] [2026-06-04T20:11:41.894Z] >>> [apiv2][body] POST https://cloudresourcemanager.googleapis.com/v1/projects/cdb-studio:testIamPermissions {"permissions":["firebase.projects.get"]}
[debug] [2026-06-04T20:11:42.035Z] <<< [apiv2][status] POST https://cloudresourcemanager.googleapis.com/v1/projects/cdb-studio:testIamPermissions 200
[debug] [2026-06-04T20:11:42.035Z] <<< [apiv2][body] POST https://cloudresourcemanager.googleapis.com/v1/projects/cdb-studio:testIamPermissions {"permissions":["firebase.projects.get"]}
[info] Let's create a new codebase for your functions.
[info] A directory corresponding to the codebase will be created in your project
[info] with sample code pre-configured.

[info] See https://firebase.google.com/docs/functions/organize-functions for
[info] more information on organizing your functions using codebases.

[info] Functions can be deployed with firebase deploy.

[info] i  functions/.eslintrc.js is unchanged 
[info] i  functions/tsconfig.dev.json is unchanged 
[info] i  Skipping write of functions/package.json 
[info] i  Skipping write of functions/tsconfig.json 
[info] i  functions/src/index.ts is unchanged 
[info] i  functions/.gitignore is unchanged 
[info] 
[info] i  genkit: Installing Genkit CLI version 1.36.0
 
[info] i  genkit: Installing NPM packages for genkit 
[info] +  genkit: Successfully installed NPM packages 
[info] i  genkit: Updating tsconfig.json 
[warn] !  genkit: Skipped updating tsconfig.json 
[info] i  genkit: Updating package.json 
[warn] !  genkit: Skipped updating package.json 
[info] Telemetry data can be used to monitor and gain insights into your AI features. There may be a cost associated with using this feature. See https://firebase.google.com/docs/genkit/observability/telemetry-collection.
[info] i  genkit: Generating sample file 
[info] +  genkit: Successfully generated sample file (src/genkit-sample.ts) 
[info] 
[info] 
Login to Google Cloud using:
[info]     gcloud auth application-default login --project cdb-studio

[info] Then start the Genkit developer experience by running:
[info]     cd functions && npm run genkit:start
[info] 
=== Functions Setup
[debug] [2026-06-04T20:13:13.354Z] > command requires scopes: ["email","openid","https://www.googleapis.com/auth/cloudplatformprojects.readonly","https://www.googleapis.com/auth/firebase","https://www.googleapis.com/auth/cloud-platform"]
[debug] [2026-06-04T20:13:13.354Z] > authorizing via signed-in user (crimaud34@gmail.com)
[debug] [2026-06-04T20:13:13.354Z] [iam] checking project cdb-studio for permissions ["firebase.projects.get"]
[debug] [2026-06-04T20:13:13.354Z] Checked if tokens are valid: true, expires at: 1780605589132
[debug] [2026-06-04T20:13:13.354Z] Checked if tokens are valid: true, expires at: 1780605589132
[debug] [2026-06-04T20:13:13.354Z] >>> [apiv2][query] POST https://cloudresourcemanager.googleapis.com/v1/projects/cdb-studio:testIamPermissions [none]
[debug] [2026-06-04T20:13:13.354Z] >>> [apiv2][(partial)header] POST https://cloudresourcemanager.googleapis.com/v1/projects/cdb-studio:testIamPermissions  x-goog-user-project=cdb-studio
[debug] [2026-06-04T20:13:13.354Z] >>> [apiv2][body] POST https://cloudresourcemanager.googleapis.com/v1/projects/cdb-studio:testIamPermissions {"permissions":["firebase.projects.get"]}
[debug] [2026-06-04T20:13:13.522Z] <<< [apiv2][status] POST https://cloudresourcemanager.googleapis.com/v1/projects/cdb-studio:testIamPermissions 200
[debug] [2026-06-04T20:13:13.523Z] <<< [apiv2][body] POST https://cloudresourcemanager.googleapis.com/v1/projects/cdb-studio:testIamPermissions {"permissions":["firebase.projects.get"]}
[info] 
Detected existing codebase(s): default

[info] Let's create a new codebase for your functions.
[info] A directory corresponding to the codebase will be created in your project
[info] with sample code pre-configured.

[info] See https://firebase.google.com/docs/functions/organize-functions for
[info] more information on organizing your functions using codebases.

[info] Functions can be deployed with firebase deploy.

[info] +  Wrote cdb/.eslintrc.js 
[info] +  Wrote cdb/package.json 
[info] +  Wrote cdb/index.js 
[info] i  Skipping write of cdb/.gitignore 
[info] 
=== App Hosting Setup
[debug] [2026-06-04T20:13:51.706Z] Checked if tokens are valid: true, expires at: 1780605589132
[debug] [2026-06-04T20:13:51.707Z] Checked if tokens are valid: true, expires at: 1780605589132
[debug] [2026-06-04T20:13:51.707Z] >>> [apiv2][query] GET https://serviceusage.googleapis.com/v1/projects/cdb-studio/services/firebaseapphosting.googleapis.com [none]
[debug] [2026-06-04T20:13:51.707Z] >>> [apiv2][(partial)header] GET https://serviceusage.googleapis.com/v1/projects/cdb-studio/services/firebaseapphosting.googleapis.com  x-goog-user-project=cdb-studio
[debug] [2026-06-04T20:13:52.082Z] <<< [apiv2][status] GET https://serviceusage.googleapis.com/v1/projects/cdb-studio/services/firebaseapphosting.googleapis.com 200
[debug] [2026-06-04T20:13:52.082Z] <<< [apiv2][body] GET https://serviceusage.googleapis.com/v1/projects/cdb-studio/services/firebaseapphosting.googleapis.com [omitted]
[debug] [2026-06-04T20:13:52.082Z] Checked if tokens are valid: true, expires at: 1780605589132
[debug] [2026-06-04T20:13:52.082Z] Checked if tokens are valid: true, expires at: 1780605589132
[debug] [2026-06-04T20:13:52.083Z] >>> [apiv2][query] POST https://serviceusage.googleapis.com/v1/projects/cdb-studio/services/firebaseapphosting.googleapis.com:enable [none]
[debug] [2026-06-04T20:13:52.083Z] >>> [apiv2][(partial)header] POST https://serviceusage.googleapis.com/v1/projects/cdb-studio/services/firebaseapphosting.googleapis.com:enable  x-goog-user-project=cdb-studio
[debug] [2026-06-04T20:13:52.560Z] <<< [apiv2][status] POST https://serviceusage.googleapis.com/v1/projects/cdb-studio/services/firebaseapphosting.googleapis.com:enable 200
[debug] [2026-06-04T20:13:52.560Z] <<< [apiv2][body] POST https://serviceusage.googleapis.com/v1/projects/cdb-studio/services/firebaseapphosting.googleapis.com:enable [omitted]
[debug] [2026-06-04T20:14:02.586Z] Checked if tokens are valid: true, expires at: 1780605589132
[debug] [2026-06-04T20:14:02.586Z] Checked if tokens are valid: true, expires at: 1780605589132
[debug] [2026-06-04T20:14:02.586Z] Checked if tokens are valid: true, expires at: 1780605589132
[debug] [2026-06-04T20:14:02.586Z] Checked if tokens are valid: true, expires at: 1780605589132
[debug] [2026-06-04T20:14:02.587Z] Checked if tokens are valid: true, expires at: 1780605589132
[debug] [2026-06-04T20:14:02.587Z] Checked if tokens are valid: true, expires at: 1780605589132
[debug] [2026-06-04T20:14:02.587Z] Checked if tokens are valid: true, expires at: 1780605589132
[debug] [2026-06-04T20:14:02.587Z] Checked if tokens are valid: true, expires at: 1780605589132
[debug] [2026-06-04T20:14:02.587Z] Checked if tokens are valid: true, expires at: 1780605589132
[debug] [2026-06-04T20:14:02.587Z] Checked if tokens are valid: true, expires at: 1780605589132
[debug] [2026-06-04T20:14:02.587Z] Checked if tokens are valid: true, expires at: 1780605589132
[debug] [2026-06-04T20:14:02.588Z] Checked if tokens are valid: true, expires at: 1780605589132
[debug] [2026-06-04T20:14:02.588Z] >>> [apiv2][query] GET https://serviceusage.googleapis.com/v1/projects/cdb-studio/services/developerconnect.googleapis.com [none]
[debug] [2026-06-04T20:14:02.588Z] >>> [apiv2][(partial)header] GET https://serviceusage.googleapis.com/v1/projects/cdb-studio/services/developerconnect.googleapis.com  x-goog-user-project=cdb-studio
[debug] [2026-06-04T20:14:02.588Z] >>> [apiv2][query] GET https://serviceusage.googleapis.com/v1/projects/cdb-studio/services/cloudbuild.googleapis.com [none]
[debug] [2026-06-04T20:14:02.589Z] >>> [apiv2][(partial)header] GET https://serviceusage.googleapis.com/v1/projects/cdb-studio/services/cloudbuild.googleapis.com  x-goog-user-project=cdb-studio
[debug] [2026-06-04T20:14:02.589Z] >>> [apiv2][query] GET https://serviceusage.googleapis.com/v1/projects/cdb-studio/services/secretmanager.googleapis.com [none]
[debug] [2026-06-04T20:14:02.589Z] >>> [apiv2][(partial)header] GET https://serviceusage.googleapis.com/v1/projects/cdb-studio/services/secretmanager.googleapis.com  x-goog-user-project=cdb-studio
[debug] [2026-06-04T20:14:02.591Z] >>> [apiv2][query] GET https://serviceusage.googleapis.com/v1/projects/cdb-studio/services/run.googleapis.com [none]
[debug] [2026-06-04T20:14:02.591Z] >>> [apiv2][(partial)header] GET https://serviceusage.googleapis.com/v1/projects/cdb-studio/services/run.googleapis.com  x-goog-user-project=cdb-studio
[debug] [2026-06-04T20:14:02.592Z] >>> [apiv2][query] GET https://serviceusage.googleapis.com/v1/projects/cdb-studio/services/artifactregistry.googleapis.com [none]
[debug] [2026-06-04T20:14:02.592Z] >>> [apiv2][(partial)header] GET https://serviceusage.googleapis.com/v1/projects/cdb-studio/services/artifactregistry.googleapis.com  x-goog-user-project=cdb-studio
[debug] [2026-06-04T20:14:02.594Z] >>> [apiv2][query] GET https://serviceusage.googleapis.com/v1/projects/cdb-studio/services/iam.googleapis.com [none]
[debug] [2026-06-04T20:14:02.594Z] >>> [apiv2][(partial)header] GET https://serviceusage.googleapis.com/v1/projects/cdb-studio/services/iam.googleapis.com  x-goog-user-project=cdb-studio
[debug] [2026-06-04T20:14:03.047Z] <<< [apiv2][status] GET https://serviceusage.googleapis.com/v1/projects/cdb-studio/services/developerconnect.googleapis.com 200
[debug] [2026-06-04T20:14:03.048Z] <<< [apiv2][body] GET https://serviceusage.googleapis.com/v1/projects/cdb-studio/services/developerconnect.googleapis.com [omitted]
[debug] [2026-06-04T20:14:03.048Z] Checked if tokens are valid: true, expires at: 1780605589132
[debug] [2026-06-04T20:14:03.048Z] Checked if tokens are valid: true, expires at: 1780605589132
[debug] [2026-06-04T20:14:03.048Z] >>> [apiv2][query] POST https://serviceusage.googleapis.com/v1/projects/cdb-studio/services/developerconnect.googleapis.com:enable [none]
[debug] [2026-06-04T20:14:03.048Z] >>> [apiv2][(partial)header] POST https://serviceusage.googleapis.com/v1/projects/cdb-studio/services/developerconnect.googleapis.com:enable  x-goog-user-project=cdb-studio
[debug] [2026-06-04T20:14:03.052Z] <<< [apiv2][status] GET https://serviceusage.googleapis.com/v1/projects/cdb-studio/services/secretmanager.googleapis.com 200
[debug] [2026-06-04T20:14:03.052Z] <<< [apiv2][body] GET https://serviceusage.googleapis.com/v1/projects/cdb-studio/services/secretmanager.googleapis.com [omitted]
[debug] [2026-06-04T20:14:03.052Z] Checked if tokens are valid: true, expires at: 1780605589132
[debug] [2026-06-04T20:14:03.052Z] Checked if tokens are valid: true, expires at: 1780605589132
[debug] [2026-06-04T20:14:03.052Z] >>> [apiv2][query] POST https://serviceusage.googleapis.com/v1/projects/cdb-studio/services/secretmanager.googleapis.com:enable [none]
[debug] [2026-06-04T20:14:03.052Z] >>> [apiv2][(partial)header] POST https://serviceusage.googleapis.com/v1/projects/cdb-studio/services/secretmanager.googleapis.com:enable  x-goog-user-project=cdb-studio
[debug] [2026-06-04T20:14:03.053Z] <<< [apiv2][status] GET https://serviceusage.googleapis.com/v1/projects/cdb-studio/services/cloudbuild.googleapis.com 200
[debug] [2026-06-04T20:14:03.053Z] <<< [apiv2][body] GET https://serviceusage.googleapis.com/v1/projects/cdb-studio/services/cloudbuild.googleapis.com [omitted]
[debug] [2026-06-04T20:14:03.054Z] Checked if tokens are valid: true, expires at: 1780605589132
[debug] [2026-06-04T20:14:03.054Z] Checked if tokens are valid: true, expires at: 1780605589132
[debug] [2026-06-04T20:14:03.054Z] >>> [apiv2][query] POST https://serviceusage.googleapis.com/v1/projects/cdb-studio/services/cloudbuild.googleapis.com:enable [none]
[debug] [2026-06-04T20:14:03.054Z] >>> [apiv2][(partial)header] POST https://serviceusage.googleapis.com/v1/projects/cdb-studio/services/cloudbuild.googleapis.com:enable  x-goog-user-project=cdb-studio
[debug] [2026-06-04T20:14:03.055Z] <<< [apiv2][status] GET https://serviceusage.googleapis.com/v1/projects/cdb-studio/services/run.googleapis.com 200
[debug] [2026-06-04T20:14:03.055Z] <<< [apiv2][body] GET https://serviceusage.googleapis.com/v1/projects/cdb-studio/services/run.googleapis.com [omitted]
[debug] [2026-06-04T20:14:03.055Z] Checked if tokens are valid: true, expires at: 1780605589132
[debug] [2026-06-04T20:14:03.055Z] Checked if tokens are valid: true, expires at: 1780605589132
[debug] [2026-06-04T20:14:03.055Z] >>> [apiv2][query] POST https://serviceusage.googleapis.com/v1/projects/cdb-studio/services/run.googleapis.com:enable [none]
[debug] [2026-06-04T20:14:03.055Z] >>> [apiv2][(partial)header] POST https://serviceusage.googleapis.com/v1/projects/cdb-studio/services/run.googleapis.com:enable  x-goog-user-project=cdb-studio
[debug] [2026-06-04T20:14:03.057Z] <<< [apiv2][status] GET https://serviceusage.googleapis.com/v1/projects/cdb-studio/services/iam.googleapis.com 200
[debug] [2026-06-04T20:14:03.057Z] <<< [apiv2][body] GET https://serviceusage.googleapis.com/v1/projects/cdb-studio/services/iam.googleapis.com [omitted]
[debug] [2026-06-04T20:14:03.057Z] Checked if tokens are valid: true, expires at: 1780605589132
[debug] [2026-06-04T20:14:03.057Z] Checked if tokens are valid: true, expires at: 1780605589132
[debug] [2026-06-04T20:14:03.057Z] >>> [apiv2][query] POST https://serviceusage.googleapis.com/v1/projects/cdb-studio/services/iam.googleapis.com:enable [none]
[debug] [2026-06-04T20:14:03.057Z] >>> [apiv2][(partial)header] POST https://serviceusage.googleapis.com/v1/projects/cdb-studio/services/iam.googleapis.com:enable  x-goog-user-project=cdb-studio
[debug] [2026-06-04T20:14:03.058Z] <<< [apiv2][status] GET https://serviceusage.googleapis.com/v1/projects/cdb-studio/services/artifactregistry.googleapis.com 200
[debug] [2026-06-04T20:14:03.058Z] <<< [apiv2][body] GET https://serviceusage.googleapis.com/v1/projects/cdb-studio/services/artifactregistry.googleapis.com [omitted]
[debug] [2026-06-04T20:14:03.058Z] Checked if tokens are valid: true, expires at: 1780605589132
[debug] [2026-06-04T20:14:03.058Z] Checked if tokens are valid: true, expires at: 1780605589132
[debug] [2026-06-04T20:14:03.058Z] >>> [apiv2][query] POST https://serviceusage.googleapis.com/v1/projects/cdb-studio/services/artifactregistry.googleapis.com:enable [none]
[debug] [2026-06-04T20:14:03.058Z] >>> [apiv2][(partial)header] POST https://serviceusage.googleapis.com/v1/projects/cdb-studio/services/artifactregistry.googleapis.com:enable  x-goog-user-project=cdb-studio
[debug] [2026-06-04T20:14:03.291Z] <<< [apiv2][status] POST https://serviceusage.googleapis.com/v1/projects/cdb-studio/services/developerconnect.googleapis.com:enable 200
[debug] [2026-06-04T20:14:03.291Z] <<< [apiv2][body] POST https://serviceusage.googleapis.com/v1/projects/cdb-studio/services/developerconnect.googleapis.com:enable [omitted]
[debug] [2026-06-04T20:14:03.320Z] <<< [apiv2][status] POST https://serviceusage.googleapis.com/v1/projects/cdb-studio/services/iam.googleapis.com:enable 200
[debug] [2026-06-04T20:14:03.321Z] <<< [apiv2][body] POST https://serviceusage.googleapis.com/v1/projects/cdb-studio/services/iam.googleapis.com:enable [omitted]
[debug] [2026-06-04T20:14:03.408Z] <<< [apiv2][status] POST https://serviceusage.googleapis.com/v1/projects/cdb-studio/services/artifactregistry.googleapis.com:enable 200
[debug] [2026-06-04T20:14:03.408Z] <<< [apiv2][body] POST https://serviceusage.googleapis.com/v1/projects/cdb-studio/services/artifactregistry.googleapis.com:enable [omitted]
[debug] [2026-06-04T20:14:03.469Z] <<< [apiv2][status] POST https://serviceusage.googleapis.com/v1/projects/cdb-studio/services/secretmanager.googleapis.com:enable 200
[debug] [2026-06-04T20:14:03.469Z] <<< [apiv2][body] POST https://serviceusage.googleapis.com/v1/projects/cdb-studio/services/secretmanager.googleapis.com:enable [omitted]
[debug] [2026-06-04T20:14:03.502Z] <<< [apiv2][status] POST https://serviceusage.googleapis.com/v1/projects/cdb-studio/services/cloudbuild.googleapis.com:enable 200
[debug] [2026-06-04T20:14:03.503Z] <<< [apiv2][body] POST https://serviceusage.googleapis.com/v1/projects/cdb-studio/services/cloudbuild.googleapis.com:enable [omitted]
[debug] [2026-06-04T20:14:03.557Z] <<< [apiv2][status] POST https://serviceusage.googleapis.com/v1/projects/cdb-studio/services/run.googleapis.com:enable 200
[debug] [2026-06-04T20:14:03.557Z] <<< [apiv2][body] POST https://serviceusage.googleapis.com/v1/projects/cdb-studio/services/run.googleapis.com:enable [omitted]
[debug] [2026-06-04T20:14:13.593Z] Checked if tokens are valid: true, expires at: 1780605589132
[debug] [2026-06-04T20:14:13.594Z] Checked if tokens are valid: true, expires at: 1780605589132
[debug] [2026-06-04T20:14:13.594Z] >>> [apiv2][query] POST https://iam.googleapis.com/v1/projects/cdb-studio/serviceAccounts/firebase-app-hosting-compute@cdb-studio.iam.gserviceaccount.com:testIamPermissions [none]
[debug] [2026-06-04T20:14:13.594Z] >>> [apiv2][(partial)header] POST https://iam.googleapis.com/v1/projects/cdb-studio/serviceAccounts/firebase-app-hosting-compute@cdb-studio.iam.gserviceaccount.com:testIamPermissions  x-goog-user-project=cdb-studio
[debug] [2026-06-04T20:14:13.594Z] >>> [apiv2][body] POST https://iam.googleapis.com/v1/projects/cdb-studio/serviceAccounts/firebase-app-hosting-compute@cdb-studio.iam.gserviceaccount.com:testIamPermissions {"permissions":["iam.serviceAccounts.actAs"]}
[debug] [2026-06-04T20:14:13.898Z] <<< [apiv2][status] POST https://iam.googleapis.com/v1/projects/cdb-studio/serviceAccounts/firebase-app-hosting-compute@cdb-studio.iam.gserviceaccount.com:testIamPermissions 404
[debug] [2026-06-04T20:14:13.898Z] <<< [apiv2][body] POST https://iam.googleapis.com/v1/projects/cdb-studio/serviceAccounts/firebase-app-hosting-compute@cdb-studio.iam.gserviceaccount.com:testIamPermissions {"error":{"code":404,"message":"Unknown service account","status":"NOT_FOUND"}}
[debug] [2026-06-04T20:14:13.898Z] Checked if tokens are valid: true, expires at: 1780605589132
[debug] [2026-06-04T20:14:13.898Z] Checked if tokens are valid: true, expires at: 1780605589132
[debug] [2026-06-04T20:14:13.898Z] >>> [apiv2][query] POST https://iam.googleapis.com/v1/projects/cdb-studio/serviceAccounts [none]
[debug] [2026-06-04T20:14:13.898Z] >>> [apiv2][body] POST https://iam.googleapis.com/v1/projects/cdb-studio/serviceAccounts {"accountId":"firebase-app-hosting-compute","serviceAccount":{"displayName":"Firebase App Hosting compute service account","description":"Default service account used to run builds and deploys for Firebase App Hosting"}}
[debug] [2026-06-04T20:14:14.964Z] <<< [apiv2][status] POST https://iam.googleapis.com/v1/projects/cdb-studio/serviceAccounts 200
[debug] [2026-06-04T20:14:14.965Z] <<< [apiv2][body] POST https://iam.googleapis.com/v1/projects/cdb-studio/serviceAccounts [omitted]
[debug] [2026-06-04T20:14:14.965Z] Checked if tokens are valid: true, expires at: 1780605589132
[debug] [2026-06-04T20:14:14.965Z] Checked if tokens are valid: true, expires at: 1780605589132
[debug] [2026-06-04T20:14:14.965Z] >>> [apiv2][query] POST https://cloudresourcemanager.googleapis.com/v1/projects/cdb-studio:getIamPolicy [none]
[debug] [2026-06-04T20:14:15.197Z] <<< [apiv2][status] POST https://cloudresourcemanager.googleapis.com/v1/projects/cdb-studio:getIamPolicy 200
[debug] [2026-06-04T20:14:15.197Z] <<< [apiv2][body] POST https://cloudresourcemanager.googleapis.com/v1/projects/cdb-studio:getIamPolicy {"version":1,"etag":"BwZTcy+6QtQ=","bindings":[{"role":"roles/cloudbuild.builds.builder","members":["serviceAccount:629699185190@cloudbuild.gserviceaccount.com"]},{"role":"roles/cloudbuild.serviceAgent","members":["serviceAccount:service-629699185190@gcp-sa-cloudbuild.iam.gserviceaccount.com"]},{"role":"roles/cloudconfig.admin","members":["serviceAccount:firebase-adminsdk-fbsvc@cdb-studio.iam.gserviceaccount.com"]},{"role":"roles/cloudfunctions.serviceAgent","members":["serviceAccount:service-629699185190@gcf-admin-robot.iam.gserviceaccount.com"]},{"role":"roles/containerregistry.ServiceAgent","members":["serviceAccount:service-629699185190@containerregistry.iam.gserviceaccount.com"]},{"role":"roles/editor","members":["serviceAccount:629699185190-compute@developer.gserviceaccount.com","serviceAccount:cdb-studio@appspot.gserviceaccount.com"]},{"role":"roles/firebase.managementServiceAgent","members":["serviceAccount:service-629699185190@gcp-sa-firebase.iam.gserviceaccount.com"]},{"role":"roles/firebase.sdkAdminServiceAgent","members":["serviceAccount:firebase-adminsdk-fbsvc@cdb-studio.iam.gserviceaccount.com"]},{"role":"roles/firebaseappcheck.admin","members":["serviceAccount:firebase-adminsdk-fbsvc@cdb-studio.iam.gserviceaccount.com"]},{"role":"roles/firebaseauth.admin","members":["serviceAccount:firebase-adminsdk-fbsvc@cdb-studio.iam.gserviceaccount.com"]},{"role":"roles/firebasedataconnect.serviceAgent","members":["serviceAccount:service-629699185190@gcp-sa-firebasedataconnect.iam.gserviceaccount.com"]},{"role":"roles/iam.serviceAccountTokenCreator","members":["serviceAccount:firebase-adminsdk-fbsvc@cdb-studio.iam.gserviceaccount.com"]},{"role":"roles/owner","members":["user:crimaud34@gmail.com"]},{"role":"roles/run.serviceAgent","members":["serviceAccount:service-629699185190@serverless-robot-prod.iam.gserviceaccount.com"]},{"role":"roles/websecurityscanner.serviceAgent","members":["serviceAccount:service-629699185190@gcp-sa-websecurityscanner.iam.gserviceaccount.com"]}]}
[debug] [2026-06-04T20:14:15.198Z] Checked if tokens are valid: true, expires at: 1780605589132
[debug] [2026-06-04T20:14:15.198Z] Checked if tokens are valid: true, expires at: 1780605589132
[debug] [2026-06-04T20:14:15.198Z] >>> [apiv2][query] POST https://cloudresourcemanager.googleapis.com/v1/projects/cdb-studio:setIamPolicy [none]
[debug] [2026-06-04T20:14:15.198Z] >>> [apiv2][body] POST https://cloudresourcemanager.googleapis.com/v1/projects/cdb-studio:setIamPolicy {"policy":{"version":1,"etag":"BwZTcy+6QtQ=","bindings":[{"role":"roles/cloudbuild.builds.builder","members":["serviceAccount:629699185190@cloudbuild.gserviceaccount.com"]},{"role":"roles/cloudbuild.serviceAgent","members":["serviceAccount:service-629699185190@gcp-sa-cloudbuild.iam.gserviceaccount.com"]},{"role":"roles/cloudconfig.admin","members":["serviceAccount:firebase-adminsdk-fbsvc@cdb-studio.iam.gserviceaccount.com"]},{"role":"roles/cloudfunctions.serviceAgent","members":["serviceAccount:service-629699185190@gcf-admin-robot.iam.gserviceaccount.com"]},{"role":"roles/containerregistry.ServiceAgent","members":["serviceAccount:service-629699185190@containerregistry.iam.gserviceaccount.com"]},{"role":"roles/editor","members":["serviceAccount:629699185190-compute@developer.gserviceaccount.com","serviceAccount:cdb-studio@appspot.gserviceaccount.com"]},{"role":"roles/firebase.managementServiceAgent","members":["serviceAccount:service-629699185190@gcp-sa-firebase.iam.gserviceaccount.com"]},{"role":"roles/firebase.sdkAdminServiceAgent","members":["serviceAccount:firebase-adminsdk-fbsvc@cdb-studio.iam.gserviceaccount.com","serviceAccount:firebase-app-hosting-compute@cdb-studio.iam.gserviceaccount.com"]},{"role":"roles/firebaseappcheck.admin","members":["serviceAccount:firebase-adminsdk-fbsvc@cdb-studio.iam.gserviceaccount.com"]},{"role":"roles/firebaseauth.admin","members":["serviceAccount:firebase-adminsdk-fbsvc@cdb-studio.iam.gserviceaccount.com"]},{"role":"roles/firebasedataconnect.serviceAgent","members":["serviceAccount:service-629699185190@gcp-sa-firebasedataconnect.iam.gserviceaccount.com"]},{"role":"roles/iam.serviceAccountTokenCreator","members":["serviceAccount:firebase-adminsdk-fbsvc@cdb-studio.iam.gserviceaccount.com"]},{"role":"roles/owner","members":["user:crimaud34@gmail.com"]},{"role":"roles/run.serviceAgent","members":["serviceAccount:service-629699185190@serverless-robot-prod.iam.gserviceaccount.com"]},{"role":"roles/websecurityscanner.serviceAgent","members":["serviceAccount:service-629699185190@gcp-sa-websecurityscanner.iam.gserviceaccount.com"]},{"role":"roles/firebaseapphosting.computeRunner","members":["serviceAccount:firebase-app-hosting-compute@cdb-studio.iam.gserviceaccount.com"]},{"role":"roles/developerconnect.readTokenAccessor","members":["serviceAccount:firebase-app-hosting-compute@cdb-studio.iam.gserviceaccount.com"]},{"role":"roles/storage.objectViewer","members":["serviceAccount:firebase-app-hosting-compute@cdb-studio.iam.gserviceaccount.com"]}]},"updateMask":"bindings"}
[debug] [2026-06-04T20:14:15.625Z] <<< [apiv2][status] POST https://cloudresourcemanager.googleapis.com/v1/projects/cdb-studio:setIamPolicy 200
[debug] [2026-06-04T20:14:15.625Z] <<< [apiv2][body] POST https://cloudresourcemanager.googleapis.com/v1/projects/cdb-studio:setIamPolicy {"version":1,"etag":"BwZTczBvxXQ=","bindings":[{"role":"roles/cloudbuild.builds.builder","members":["serviceAccount:629699185190@cloudbuild.gserviceaccount.com"]},{"role":"roles/cloudbuild.serviceAgent","members":["serviceAccount:service-629699185190@gcp-sa-cloudbuild.iam.gserviceaccount.com"]},{"role":"roles/cloudconfig.admin","members":["serviceAccount:firebase-adminsdk-fbsvc@cdb-studio.iam.gserviceaccount.com"]},{"role":"roles/cloudfunctions.serviceAgent","members":["serviceAccount:service-629699185190@gcf-admin-robot.iam.gserviceaccount.com"]},{"role":"roles/containerregistry.ServiceAgent","members":["serviceAccount:service-629699185190@containerregistry.iam.gserviceaccount.com"]},{"role":"roles/developerconnect.readTokenAccessor","members":["serviceAccount:firebase-app-hosting-compute@cdb-studio.iam.gserviceaccount.com"]},{"role":"roles/editor","members":["serviceAccount:629699185190-compute@developer.gserviceaccount.com","serviceAccount:cdb-studio@appspot.gserviceaccount.com"]},{"role":"roles/firebase.managementServiceAgent","members":["serviceAccount:service-629699185190@gcp-sa-firebase.iam.gserviceaccount.com"]},{"role":"roles/firebase.sdkAdminServiceAgent","members":["serviceAccount:firebase-adminsdk-fbsvc@cdb-studio.iam.gserviceaccount.com","serviceAccount:firebase-app-hosting-compute@cdb-studio.iam.gserviceaccount.com"]},{"role":"roles/firebaseappcheck.admin","members":["serviceAccount:firebase-adminsdk-fbsvc@cdb-studio.iam.gserviceaccount.com"]},{"role":"roles/firebaseapphosting.computeRunner","members":["serviceAccount:firebase-app-hosting-compute@cdb-studio.iam.gserviceaccount.com"]},{"role":"roles/firebaseauth.admin","members":["serviceAccount:firebase-adminsdk-fbsvc@cdb-studio.iam.gserviceaccount.com"]},{"role":"roles/firebasedataconnect.serviceAgent","members":["serviceAccount:service-629699185190@gcp-sa-firebasedataconnect.iam.gserviceaccount.com"]},{"role":"roles/iam.serviceAccountTokenCreator","members":["serviceAccount:firebase-adminsdk-fbsvc@cdb-studio.iam.gserviceaccount.com"]},{"role":"roles/owner","members":["user:crimaud34@gmail.com"]},{"role":"roles/run.serviceAgent","members":["serviceAccount:service-629699185190@serverless-robot-prod.iam.gserviceaccount.com"]},{"role":"roles/storage.objectViewer","members":["serviceAccount:firebase-app-hosting-compute@cdb-studio.iam.gserviceaccount.com"]},{"role":"roles/websecurityscanner.serviceAgent","members":["serviceAccount:service-629699185190@gcp-sa-websecurityscanner.iam.gserviceaccount.com"]}]}
[info] i  This command links your local project to Firebase App Hosting. You will be able to deploy your web app with `firebase deploy` after setup. 
[debug] [2026-06-04T20:15:12.009Z] Checked if tokens are valid: true, expires at: 1780605589132
[debug] [2026-06-04T20:15:12.009Z] Checked if tokens are valid: true, expires at: 1780605589132
[debug] [2026-06-04T20:15:12.009Z] >>> [apiv2][query] GET https://firebaseapphosting.googleapis.com/v1beta/projects/cdb-studio/locations/-/backends 
[debug] [2026-06-04T20:15:12.590Z] <<< [apiv2][status] GET https://firebaseapphosting.googleapis.com/v1beta/projects/cdb-studio/locations/-/backends 200
[debug] [2026-06-04T20:15:12.590Z] <<< [apiv2][body] GET https://firebaseapphosting.googleapis.com/v1beta/projects/cdb-studio/locations/-/backends {}
[debug] [2026-06-04T20:15:42.541Z] ExitPromptError: User force closed the prompt with SIGINT
    at Interface.sigint (C:\Users\Admin\AppData\Roaming\npm\node_modules\firebase-tools\node_modules\@inquirer\core\dist\commonjs\lib\create-prompt.js:101:37)
    at Interface.emit (node:events:509:20)
    at [_ttyWrite] [as _ttyWrite] (node:internal/readline/interface:1327:18)
    at ReadStream.onkeypress (node:internal/readline/interface:284:20)
    at ReadStream.emit (node:events:521:24)
    at emitKeys (node:internal/readline/utils:371:14)
    at emitKeys.next (<anonymous>)
    at ReadStream.onData (node:internal/readline/emitKeypressEvents:64:36)
    at ReadStream.emit (node:events:509:20)
    at addChunk (node:internal/streams/readable:564:12)
[error] 
[error] Error: An unexpected error has occurred.
